품목코드,품목명,품목분류명,"재고

or주문재",정찰제 정보,"1단가

(VIP)","2단가

(쇼핑)",3단가,4단가,--,"[최근]

단가변동일","[최근]

재고조사일"
(1)100구조재A14,◈구조재 1*4 12자 (19*89) 원포,기타목재,재고,"6120 포함
13 / 26 / 33 / 37","6,300","7,100","7,400","7,700",,인상 25/10/23,실사 25/12/23
(1)100구조재A16,◈구조재 1*6 12자 (19*140) 원식스,기타목재,재고,"11400 포함
14 / 30 / 40 / 46","11,900","13,500","14,500","15,200",,인하 25/11/4,실사 25/12/23
(1)100구조재A18,◈구조재 1*8 12자 (19*184) 원에잇,기타목재,재고,"14500 포함
15 / 32 / 40 / 47","15,200","17,400","18,500","19,400",,인상 25/10/22,실사 25/12/23
(1)100구조재B110,◈구조재 1*10 12자 (19*235) 원텐,기타목재,재고,"18000 포함
14 / 32 / 38 / 44","18,600","21,500","22,500","23,600",,인하 24/8/13,실사 25/12/23
(1)100구조재B112,◈구조재 1*12 12자 (19*286) 원투엘브,기타목재,재고,"23400 포함
14 / 30 / 36 / 42","24,300","27,700","29,000","30,300",,인상 25/3/31,실사 25/12/23
(1)100구조재C22,◈구조재 2*2 12자 (38*38) 투투,기타목재,재고,"4400 포함
14 / 28 / 35 / 40","4,600","5,200","5,400","5,600",,인상 25/7/9,실사 25/12/23
(1)100구조재C24,◈구조재 2*4 12자 (38*89) 투포,기타목재,재고,"8800 포함
13 / 24 / 28 / 34","9,000","10,000","10,300","10,800",,인상 26/2/3,실사 25/12/23
(1)100구조재C26,◈구조재 2*6 12자 (38*140) 투식스,기타목재,재고,"14000 포함
14 / 27 / 35 / 42","14,500","16,200","17,200","18,000",,인상 25/10/22,실사 25/12/23
(1)100구조재C28,◈구조재 2*8 12자 (38*184) 투에잇,기타목재,재고,"21600 포함
14 / 32 / 38 / 44","22,400","25,900","27,100","28,200",,인하 24/8/13,실사 25/12/23
(1)100구조재D212,◈구조재 2*12 12자 (38*286) 투투엘브,기타목재,재고,"41400 포함
14 / 27 / 35 / 40","43,000","47,500","51,000","52,500",,인상 25/12/20,실사 25/12/23
(1)100구조재E70각,◈구조재 70*70 12자 ■(70각재),기타목재,재고,"18000 포함
25 / 42 / 48 / 54","20,500","23,300","24,300","25,000",,조정 24/10/24,실사 25/12/23
(1)100구조재E90각,◈구조재 90*90 12자 ■4*4(90각재) 포포,기타목재,재고,"25800 포함
15 / 34 / 40 / 47","26,800","31,400","32,700","34,500",,인하 24/8/13,실사 25/12/23
(1)100라왕301400원,◈라왕 솔리드 ○원주목○ 30*1400,기타목재,재고,,"5,500","5,900","7,300","8,200",,,실사 25/12/23
(1)100라왕심재,◈라왕 30*40*2100 (심재),기타목재,재고,"2450 포함
14 / 33 / 45 / 55","2,600","3,000","3,300","3,500",,인상 26/1/6,실사 25/12/23
(1)100라왕한치각,◈라왕 30*30*3600 (집성 한치각),기타목재,재고,"2850 포함
13 / 25 / 35 / 40","3,000","3,300","3,500","3,700",,인상 25/4/10,실사 25/12/23
(1)100라왕후지,◈라왕 10*40*2100 (후지),기타목재,재고,"1400 포함
15 / 45 / 55 / 65","1,500","1,900","2,000","2,100",,인상 24/11/26,실사 25/12/23
(1)100목망꽃바둑1015,◈목망 꽃바둑살 10*15*600*1860,,재고,,"43,600","50,000","50,900","52,700",,,
(1)100목망캡,◈22*24*2000 캡(목망테두리),,재고,,"4,100","4,500","5,000","5,500",,,
(1)100미송루바8자,◈미송루바 12*120*8자 (8장) 펠레손,기타목재,재고,"27520 포함
14 / 23 / 33 / 38","28,500","30,800","33,200","34,500",,인상 25/12/29,실사 25/12/23
(1)100방부목1120,◈방부목 21*120*3600 데크(중),방부목,재고,"6000 포함
10 / 19 / 23 / 28","6,000","6,500","6,800","7,000",,인상 26/1/15,실사 25/12/23
(1)100방부목295,◈방부목 15*95*3600 데크(소),방부목,재고,"4200 포함
13 / 27 / 35 / 40","4,400","4,900","5,200","5,400",,인상 24/9/20,실사 25/12/23
(1)100방부목3140,◈방부목 25*140*3600 데크(대),방부목,재고,"8520 포함
12 / 25 / 32 / 35","8,700","9,700","10,300","10,500",,인상 25/11/12,실사 25/12/23
(1)100방부목4A22,◈방부목 2*2 12자 (38*38) 투투,방부목,재고,"4020 포함
13 / 25 / 34 / 40","4,200","4,600","4,900","5,200",,인상 25/6/5,실사 25/12/23
(1)100방부목524,◈방부목 2*4 12자 (38*89) 투포,방부목,재고,"8040 포함
12 / 20 / 25 / 30","8,200","8,800","9,200","9,600",,인상 25/9/15,실사 25/12/23
(1)100방부목626,◈방부목 2*6 12자 (38*140) 투식스,방부목,재고,"13200 포함
13 / 25 / 32 / 36","13,500","15,000","15,900","16,400",,인상 25/11/22,실사 25/12/23
(1)100방부목8212,◈방부목 2*12 12자 (38*285) 투투엘브,방부목,재고,"42500 포함
13 / 25 / 30 / 35","43,700","48,300","50,000","52,000",,인상 25/7/12,실사 25/12/23
(1)100방부목91라티,◈방부 라티스 (1220*2440*15),기타목재,재고,"22000 포함
15 / 40 /45 / 50","23,000","28,000","29,000","30,000",,조정 24/12/13,실사 25/12/23
(1)100방부목944,◈방부목 4*4 12자 (90*90) 포포 [90각],방부목,재고,"24000 포함
14 / 27 / 32 / 37","24,900","27,800","28,800","30,000",,인상 26/2/25,실사 25/12/23
(1)100방킬8자,◈방킬라이 2400*90*19 (8자),기타목재,재고,"8200 포함
12 / 27 / 32 / 37","8,400","9,500","9,800","10,200",,조정 24/8/12,실사 25/12/23
(1)100소송1303012,◈소송(KD) 30*30*12자 (한치각) [단],소송,재고,2320 별도 / 27840 별도/단<br>9 / 15 / 20 / 24,"30,400","32,000","33,500","34,600",,인상 26/1/20,실사 25/12/23
(1)100소송2306912,◈소송(KD) 30*69*12자 (투바이) [단],소송,재고,2330 별도 / 32154 별도/단<br>10 / 16 / 21 / 25,"35,400","37,300","39,000","40,200",,인상 26/1/20,실사 25/12/23
(1)100소송330308,◈소송(KD)●30*30★8자★ (한치각) [단],소송,재고,"2650 별도 / 21200 별도/단
12 / 22 / 25 / 30","23,800","25,900","26,500","27,600",,인상 26/1/20,실사 25/12/23
(1)100소송4203012,◈소송(KD)●20*30*12자 (★나나부) [단],소송,재고,2330 별도 / 19572 별도/단<br>13 / 27 / 32 / 36,"22,200","25,000","26,000","26,700",,인상 26/1/20,실사 25/12/23
(1)100소송53030121,◈소송(KD)¶30*30*12자 (한치각) 낱개!!,소송,재고,30 / 50 / 60 / 70,"3,100","3,500","3,800","4,000",,인상 26/1/20,실사 25/12/23
(1)100소송63069121,◈소송(KD)¶30*69*12자 (투바이) 낱개!!,소송,재고,25 / 40 / 50 / 60,"6,700","7,600","8,100","8,600",,인상 26/1/20,실사 25/12/23
(1)100자나무,◈자나무 (미장/조적/쫄대용 등),기타목재,재고,,"1,000","1,100","1,300","1,400",,인상 25/1/17,실사 25/12/23
(1)100편백루바18유,◈히노끼루바 10*100 (유절/고급) 8자,기타목재,재고,"23040 포함 (자당 360)
12 / 19 / 24 / 28","23,500","25,000","26,000","27,000",,인하 25/7/12,실사 25/12/23
(1)100편백루바8무,◈히노끼루바 10*100 (통 무절/고급) 8자,기타목재,재고,"72000 포함
13 / 21 / 26 / 30","74,000","79,000","82,500","85,000",,인상 25/12/20,실사 25/12/23
(1)200A자이01일반93,◈[GS자이]천연 일반석고 3*6*9.5,자이석고,재고,,"3,650","3,700","3,800","3,900",,인상 25/3/4,실사 25/12/23
(1)200국산2차음1236,◈차음석고 900*1800*12.5,국산석고,재고,,"6,000","6,100","6,300","6,500",,인상 25/3/11,실사 25/12/23
(1)200자이02방수936,◈[GS자이]천연 방수석고 3*6*9.5 (水),자이석고,재고,,"5,800","5,900","6,000","6,100",,인상 25/3/4,실사 25/12/23
(1)200자이03방화1236,◈[GS자이]천연 방화석고 3*6*12.5 (火),자이석고,재고,,"6,300","6,500","6,700","6,800",,신규 25/7/2,실사 25/12/23
(1)200자이04일반1236,◈[GS자이]천연 일반석고 3*6*★12.5,자이석고,재고,,"4,900","5,000","5,100","5,300",,인상 25/3/4,실사 25/12/23
(1)200자이05일반938,◈[GS자이]삼팔★천연 일반석고 3*8*9.5,자이석고,재고,,"4,900","5,000","5,100","5,300",,인상 25/3/4,실사 25/12/23
(1)200하국산방화1236,◈국산◈ 방화석고 3*6*12.5 (火),국산석고,재고,"6130 별도
5 / 7 / 10 / 12","6,500","6,600","6,800","6,900",,신규 25/4/23,실사 25/12/23
(1)201CRC636,◈CRC(시멘트보드) 3*6 6T (하지용),텍스/기타보드류,재고,"8000 별도
13 / 25 / 35 / 40","9,100","10,000","10,800","11,200",,,실사 25/12/23
(1)201CRC936,◈CRC(시멘트보드) 3*6 9T (하지용),텍스/기타보드류,재고,"11800 별도
13 / 25 / 35 / 40","13,400","14,800","15,900","16,400",,,실사 25/12/23
(1)201석고텍스KCC,◈석고텍스 [KCC] 300*600*9.5 [18매],텍스/기타보드류,재고,"16000 별도
8 / 11
17 / 20","17,300","17,800","18,800","19,200",,인상 25/5/2,실사 25/12/23
(1)3001A2748BB,◈합판 1220*2440*2.7 BB/CC (이찌부),합판,재고,"6800 별도
12 / 27 / 32 / 38","7,700","8,700","9,000","9,400",,인상 26/1/27,실사 25/12/23
(1)3001B448오징,◈합판 1220*2440*4 ~(오징어/아로)~,합판,재고,"12500 별도
15/ 30 / 38 / 43","14,400","16,300","17,300","18,000",,인하 25/7/8,실사 25/12/23
(1)3001C4648BB,◈합판 1220*2440*4.6 BB/CC (니부),합판,재고,"10100 별도
11 / 18 / 24 / 28","11,300","12,000","12,600","13,000",,인상 25/12/10,실사 25/12/23
(1)3001D4648알,◈합판★R★1220*2440*4.6 알비자(니부),합판,재고,"6600 별도
12 / 19 / 26 / 32","7,400","7,900","8,400","8,800",,인상 25/11/25,실사 25/12/23
(1)3001E8548BB,◈합판 1220*2440*8.5 BB/CC (삼부),합판,재고,"18300 별도
11 / 19 / 24 / 30","20,400","21,800","22,700","23,800",,인상 25/1/8,실사 25/12/23
(1)3001F8548MLH,◈합판 1220*2440*8.5 MLH (삼부),합판,재고,"11300 별도
11 / 19 / 24 / 30","12,600","13,500","14,000","14,700",,인상 25/12/15,실사 25/12/23
(1)3001G38548콤,◈합판 1220*2440*8.5 콤비★(삼부),합판,재고,"12500 별도
13 / 21 / 26 / 31","14,200","15,200","15,800","16,400",,인상 25/12/5,실사 25/12/23
(1)3001H11548BB,◈합판 1220*2440*11.5 BB/CC (연부) [고급],합판,재고,"23800 별도
10 / 18 / 24 / 30","26,200","28,000","29,500","31,000",,인상 25/11/22,실사 25/12/23
(1)3001I11548MLH,◈합판 1220*2440*11.5 MLH (연부),합판,재고,"13500 별도
10 / 18 / 24 / 30","14,900","16,000","16,800","17,500",,인상 25/12/15,실사 25/12/23
(1)3001J11548콤,◈합판 1220*2440*11.5 콤비★(연부),합판,재고,"16800 별도
12 / 20 / 25 / 31","18,900","20,200","21,000","22,000",,인상 25/11/20,실사 25/12/23
(1)3001K11548다,◈합판 1220*2440*11.5 ★다이아 (연부) [일반],합판,재고,"22200 별도
11 / 18 / 24 / 30","24,700","26,200","27,500","28,800",,인상 25/12/24,실사 25/12/23
(1)3001L14548BB,◈합판 1220*2440*14.5 BB/CC (고부),합판,재고,"30500 별도
12 / 23 / 32 / 36","34,100","37,500","40,000","41,400",,인상 24/4/25,실사 25/12/23
(1)3001M17548BB,◈합판 1220*2440*17.5 BB/CC (록고부),합판,재고,"37000 별도
13 / 23 / 32 / 36","41,800","45,500","48,600","50,000",,인하 24/9/22,실사 25/12/23
(1)3001Y코아18알,◈코아합판 1220*2440*18 알비자,합판,재고,"21200 별도
12 / 27 / 33 / 38","23,800","27,000","28,200","29,200",,인상 26/2/3,실사 25/12/23
(1)3001Z코아18라,◈코아합판 1220*2440*18 라왕(고급)★,합판,재고,"27000 별도
12 / 26 / 32 / 36","30,300","34,000","35,800","36,800",,인하 26/2/10,실사 25/12/23
(1)300A12736B,◈합판 910*1820*2.7 BB/CC (이찌부),합판,재고,"5000 별도
15 / 33 / 45 / 55","5,700","6,700","7,300","7,700",,검토 24/11/27,실사 25/12/23
(1)300A1자작SBB4,◈자작합판 1220*2440*4 (S/BB) 롱/러,합판,재고,"27000 별도
12 / 22 / 28 / 32","30,300","33,000","34,500","35,500",,인하 26/3/5,실사 25/12/23
(1)300A24636B,◈합판 910*1820*4.6 BB/CC (니부),합판,재고,"6100 별도
13 / 26 / 33 / 40","6,900","7,700","8,200","8,500",,인하 24/6/21,실사 25/12/23
(1)300A2자작SBB6,◈자작합판 1220*2440*6 (S/BB) 롱/러,합판,재고,"33500 별도
13 / 24 / 30 / 34","37,900","41,500","43,500","45,000",,인상 26/1/3,실사 25/12/23
(1)300A38536B,◈합판 910*1820*8.5 BB/CC (삼부),합판,재고,"9900 별도
12 / 25 / 32 / 37","11,000","12,400","13,000","13,500",,인상 25/12/5,실사 25/12/23
(1)300A3자작SBB9,◈자작합판 1220*2440*9 (S/BB) 롱/러,합판,재고,"42000 별도
12 / 21 / 27 / 31","47,000","50,800","53,400","55,000",,인상 26/1/3,실사 25/12/23
(1)300A48536알,◈합판 910*1820*8.5 알비자(삼부),합판,재고,"7300 별도
13 / 26 / 32 / 38","8,300","9,200","9,700","10,200",,인상 26/1/22,실사 25/12/23
(1)300A4자작SBB12,◈자작합판 1220*2440*12 (S/BB) 롱/러,합판,재고,"49500 별도
12 / 21 / 27 / 31","55,300","59,800","62,800","64,800",,인상 26/1/3,실사 25/12/23
(1)300A511536B,◈합판 910*1820*11.5 BB/CC(연부)★고급,합판,재고,"13000 별도
13 / 25 / 30 / 35","14,700","16,300","16,900","17,500",,인상 25/12/5,실사 25/12/23
(1)300A5자작SBB15,◈자작합판 1220*2440*15 (S/BB) 롱/러,합판,재고,"56000 별도
12 / 23 / 30 / 34","62,800","69,000","73,000","75,000",,인하 26/3/5,실사 25/12/23
(1)300A611536M,◈합판 910*1820*11.5 MLH VT (연부),합판,재고,"7500 별도
12 / 21 / 27 / 32","8,400","9,100","9,600","9,900",,인상 25/12/15,실사 25/12/23
(1)300A6자작SBB18,◈자작합판 1220*2440*18 (S/BB) 롱/러,합판,재고,"63500 별도
11 / 20 / 26 / 30","70,500","76,000","80,000","82,500",,인하 26/3/5,실사 25/12/23
(1)300B1미송유48,◈미송(유절) 1220*2440*4.8,합판,재고,"12200 별도
13 / 23 / 34 / 40","13,800","15,000","16,400","16,800",,조정 24/10/5,실사 25/12/23
(1)300B2미송유85,◈미송(유절) 1220*2440*8.5,합판,재고,"21000 별도
14 / 26 / 35 / 41","24,000","26,500","28,400","29,700",,인상 25/2/14,실사 25/12/23
(1)300B3미송유12,◈미송(유절) 1220*2440*12,합판,재고,"26000 별도
14 / 25 / 34 / 40","29,700","32,500","34,900","36,400",,인상 25/2/14,실사 25/12/23
(1)300B4미송유15,◈미송(유절) 1220*2440*15,합판,재고,"33500 별도
14 / 27 / 36 / 42","38,200","42,500","45,600","47,600",,인상 24/5/24,실사 25/12/23
(1)300B5미송유18,◈미송(유절) 1220*2440*18,합판,재고,"39000 별도
13 / 25 / 34 / 40","44,000","48,800","52,300","54,600",,인상 25/3/14,실사 25/12/23
(1)300B6미송무45,◈미송(무절★양면) 1220*2440*4.5,합판,재고,"13500 포함
20 / 37 / 55 / 65","14,700","16,800","19,100","20,000",,조정 24/2/6,실사 25/12/23
(1)300C1낙엽48,◈낙엽송 1220*2440*4.8 엠보,합판,재고,"11000 별도
13 / 24 / 32 / 37","12,500","13,600","14,500","15,000",,인하 24/12/27,실사 25/12/23
(1)300C2낙엽75,◈낙엽송 1220*2440*7.5 엠보,합판,재고,"20000 별도
14 / 27 / 35 / 40","22,800","25,400","27,000","28,000",,인하 26/1/21,실사 25/12/23
(1)300C3낙엽115,◈낙엽송 1220*2440*11.5 엠보,합판,재고,"26000 별도
14 / 30 / 36 / 42","29,500","34,000","35,500","36,800",,인하 24/2/29,실사 25/12/23
(1)300E낙엽18,◈낙엽송 1220*2440*18 엠보,합판,재고,"39500 별도
14 / 30 / 36 / 42","45,000","51,400","53,500","56,000",,인하 26/1/21,실사 25/12/23
(1)300OSB11내,◈OSB 4*8*11.1 (내장용/라인X),합판,재고,"10500 별도
13 / 24 / 32 / 37","11,900","13,000","13,900","14,400",,인상 25/12/8,실사 25/12/23
(1)300OSB8내,◈OSB 4*8*8.0 (내장용/라인X),합판,재고,"8500 별도
14 / 26 / 35 / 40","9,700","10,800","11,500","12,000",,인상 26/3/6,실사 25/12/23
(1)300내수1248수,◈내수 1220*2440*12 1급 (수입 KS),합판,재고,"20000 별도
13 / 24 / 30 / 35","22,600","24,800","26,000","27,000",,인하 25/9/2,실사 25/12/23
(1)300내수21236수,◈내수 910*1820*12 1급 (수입 KS),합판,재고,"12000 별도
14 / 28 / 32 / 40","13,600","15,500","15,900","16,800",,신규 24/2/20,실사 25/12/23
(1)300백색27,◈백색합판 1220*2440*2.7 (코팅/단면),합판,재고,,"17,500","20,000","21,100","22,100",,조정 24/10/11,실사 25/12/23
(1)300오크27,◈오크합판 1220*2440*2.7 (시트/단면),합판,재고,,"16,300","18,600","20,500","21,400",,조정 24/8/25,실사 25/12/23
(1)300준내수948,◈준내수 4*8*9 E0 친환경 국산,합판,재고,"21200 별도
13 / 23 / 28 / 33","24,000","26,000","27,200","28,200",,인상 26/1/27,실사 25/12/23
(1)300태고1248N,◈태고 1220*2440*12 (동남아산),합판,재고,"26200 별도
13 / 28 / 33 / 37","29,700","33,500","35,000","36,000",,인상 25/12/29,실사 25/12/23
(1)300태고21236,◈태고 910*1820*12,합판,재고,"11000 별도
14 / 32 / 37 / 42","12,600","14,600","15,000","15,700",,인하 25/7/8,실사 25/12/23
(1)301MDF113고밀,◈MDF 1220*2440*2.7 R/S (고밀도),MDF,재고,"3800 별도
13 / 25 / 30 / 35","4,300","4,800","5,000","5,200",,조정 25/9/10,실사 25/12/23
(1)301MDF1245고밀,◈MDF 1220*2440*4.5 R/S (고밀도),MDF,재고,"6000 별도
15 / 30 / 38 / 43","6,900","7,800","8,300","8,600",,인상 25/3/25,실사 25/12/23
(1)301MDF136USB,◈MDF 1220*2440*6 USB,MDF,재고,"6320 별도 (8%)
12 / 21 / 25 / 30","7,100","7,700","7,900","8,300",,인상 25/9/10,실사 25/12/23
(1)301MDF149USB,◈MDF 1220*2440*9 USB,MDF,재고,"8290 별도 (6%)
10 / 15 / 18 / 22","9,200","9,600","9,800","10,200",,인상 25/9/10,실사 25/12/23
(1)301MDF1512USB,◈MDF 1220*2440*12 USB,MDF,재고,"11090 별도 (8%)
11 / 18 / 21 / 25","12,400","13,000","13,500","13,900",,인상 25/9/10,실사 25/12/23
(1)301MDF1615USB,◈MDF 1220*2440*15 USB,MDF,재고,"14320 별도 (8%)
12 / 21 / 25 / 28","16,100","17,400","17,900","18,400",,인상 25/9/10,실사 25/12/23
(1)301MDF1718USB,◈MDF 1220*2440*18 USB,MDF,재고,"16640 별도 (8%)
11 / 18 / 21 / 25","18,500","19,700","20,200","20,800",,인상 25/9/10,실사 25/12/23
(1)301MDF1825UB,◈MDF 1220*2440*25 UB(중밀도),MDF,재고,"35500 별도
17 / 28 / 38 / 43","41,600","45,500","49,000","51,000",,인상 25/9/10,실사 25/12/23
(1)301MDF1930UB,◈MDF 1220*2440*30 UB(중밀도),MDF,재고,"43000 별도
17 / 28 / 38 / 43","50,400","55,000","59,400","61,500",,인상 25/4/18,실사 25/12/23
(1)301MDF206고밀,◈MDF★고밀도★ 1220*2440*6 (수입),MDF,재고,"10000 별도
20 / 35 / 45 / 55","12,000","13,500","14,500","15,500",,인하 25/9/4,실사 25/12/23
(1)301MDF209고밀,◈MDF★고밀도★ 1220*2440*9 (수입),MDF,재고,"11000 별도
13 / 22 / 30 / 35","12,500","13,500","14,300","15,000",,인하 25/9/4,실사 25/12/23
(1)301MDF2112고밀,◈MDF★고밀도★ 1220*2440*12 (수입),MDF,재고,"14000 별도
15 / 30 / 40 / 50","16,000","18,000","19,500","21,000",,인하 25/9/4,실사 25/12/23
(1)301MDF2215고밀,◈MDF★고밀도★ 1220*2440*15 (수입),MDF,재고,"18000 별도
15 / 30 / 40 / 50","20,700","23,500","25,000","27,000",,인하 25/9/4,실사 25/12/23
(1)301MDF2318고밀,◈MDF★고밀도★ 1220*2440*18 (수입),MDF,재고,"20000 별도
15 / 30 / 40 / 50","23,000","26,000","28,000","30,000",,인하 25/9/4,실사 25/12/23
(1)302고무12탑,◈집성(고무나무) 1220*2440*12 T/F,집성목,재고,"43000 포함
14 / 26 / 32 / 38","44,500","49,200","51,500","54,000",,인상 26/2/3,실사 25/12/23
(1)302고무15탑,◈집성(고무나무) 1220*2440*15 T/F,집성목,재고,"50230 포함
14 / 24 / 30 / 36","52,000","56,500","59,400","62,000",,인상 25/12/17,실사 25/12/23
(1)302고무18탑,◈집성(고무나무) 1220*2440*18 T/F,집성목,재고,"58600 포함
13 / 22 / 30 / 35","60,000","65,000","69,300","72,000",,인상 26/1/8,실사 25/12/23
(1)302라디12탑,◈집성(라디에타) 1220*2440*12 T/F,집성목,재고,"32670 포함
13 / 23 / 32 / 37","33,600","36,500","39,000","40,500",,인상 25/8/26,실사 25/12/23
(1)302라디15탑,◈집성(라디에타) 1220*2440*15 T/F,집성목,재고,"39050 포함
13 / 22 / 31 / 36","40,000","43,400","46,600","48,300",,인상 25/1/31,실사 25/12/23
(1)302라디18탑,◈집성(라디에타) 1220*2440*18 T/F,집성목,재고,"46600 포함
12 / 20 / 27 / 31","47,300","50,900","53,600","55,500",,인상 24/6/14,실사 25/12/23
(1)302라디24탑,◈집성(라디에타) 1220*2440*24 T/F,집성목,재고,"62140 포함
13 / 21 / 31 / 36","64,000","68,400","74,000","77,000",,인상 25/1/16,실사 25/12/23
(1)302라디30탑,◈집성(라디에타) 1220*2440*30 T/F,집성목,재고,"81700 포함
13 / 21 / 31 / 36","84,000","90,000","97,300","101,100",,인상 25/1/16,실사 25/12/23
(1)302레드12솔,◈집성(레드파인) 1220*2440*12 솔리/유,집성목,재고,"52000 포함
12 / 21 / 28 / 33","53,000","57,000","60,500","62,500",,인상 25/11/12,실사 25/12/23
(1)302레드15솔,◈집성(레드파인) 1220*2440*15 솔리/유,집성목,재고,"61000 포함
13 / 22 / 28 / 33","62,700","67,500","71,000","73,500",,인상 25/8/26,실사 25/12/23
(1)302레드18솔,◈집성(레드파인) 1220*2440*18 솔리/유,집성목,재고,"69920 포함
11 / 19 / 26 / 30","70,600","75,500","80,000","82,500",,인상 25/12/17,실사 25/12/23
(1)302레드60각,◈집성(레드파인)솔리드 각재 60*60*2440,집성목,재고,,"16,200","18,600","19,500","20,000",,조정 24/6/26,실사 25/12/23
(1)302멀바1238,◈집성(멀바우) 910*2440*12 S/F,집성목,재고,"44023 포함
15 / 35 / 40 / 45","46,100","54,100","56,100","58,100",,인하 24/3/18,실사 25/12/23
(1)302멀바1538,◈집성(멀바우) 910*2440*15 S/F,집성목,재고,"53071 포함
15 / 30 / 35 / 40","55,500","62,700","65,000","67,300",,조정 24/9/5,실사 25/12/23
(1)302멀바1838,◈집성(멀바우) 910*2440*18 S/F,집성목,재고,"60147 포함
13 / 24 / 30 / 35","61,800","67,700","70,900","73,600",,조정 24/5/6,실사 25/12/23
(1)302멀바1848,◈집성(멀바우) 1220*2440*18 S/F 사팔,집성목,재고,"80000 포함
14 / 25 / 30 / 34","83,000","91,000","95,000","97,500",,인하 25/7/22,실사 25/12/23
(1)302멀바계단30300,◈집성계단재 30*300*3600 (멀바우) S/F,집성목,재고,"51030 포함
14 / 28 / 32 / 36","52,700","59,100","60,900","62,700",,신규 24/8/8,실사 25/12/23
(1)302멀바계단38300,◈집성계단재 38*300*3600 (멀바우) S/F,집성목,재고,65254 포함<br>14 / 28 / 32 / 36,"67,300","75,900","78,200","80,500",,인하 24/11/8,실사 25/12/23
(1)302미송계단38300,◈집성계단재 38*300*3600 (미송/라디) T/F,집성목,재고,"41800 포함
15 / 27 / 34 / 40","43,700","48,300","51,000","53,200",,인상 25/1/22,실사 25/12/23
(1)302미송대봉9090,◈라디에타(미송) 대봉(大) 90*90*1200,집성목,재고,"14800 포함
20 / 45 / 55 / 65","16,200","19,500","20,800","22,200",,조정 24/9/28,실사 25/12/23
(1)302미송반달4070,◈핸드레일(미송/라디에타) 반달◐ 40*70*12자,집성목,재고,"15500 포함
20 / 42 / 55 / 65","16,800","20,000","21,800","23,200",,조정 24/3/28,실사 25/12/23
(1)302미송소봉4040,◈라디에타(미송) 소봉(小) 40*40*900,집성목,재고,"2200 포함
20 / 45 / 55 / 65","2,500","2,900","3,100","3,300",,인하 24/9/21,실사 25/12/23
(1)302미송식빵6070,◈핸드레일(미송/라디에타) 식빵♣ 60*70*12자,집성목,재고,"23000 포함
20 / 42 / 55 / 65","25,100","29,700","32,500","34,500",,조정 24/12/16,실사 25/12/23
(1)302삼목12솔,◈집성(삼목) 1220*2440*12 솔리드,집성목,재고,"31000 포함
17 / 25 / 35 / 40","33,000","35,500","38,000","39,500",,조정 25/3/19,실사 25/12/23
(1)302삼목15솔,◈집성(삼목) 1220*2440*15 솔리드,집성목,재고,"38160 포함
16 / 27 / 35 / 40","40,000","44,000","47,000","49,000",,인상 25/3/19,실사 25/12/23
(1)302삼목18솔,◈집성(삼목) 1220*2440*18 솔리드,집성목,재고,"44205 포함
15 / 24 / 34 / 39","46,600","50,000","53,600","55,500",,조정 24/7/3,실사 25/12/23
(1)302쏘노30300,◈집성(쏘노클린) 30*300*12자 (코팅),집성목,주문재,,,,,,,,실사 25/12/23
(1)302아카15유,◈집성(아카시아) 1220*2440*15 유절 S/F,집성목,재고,"37500 포함
14 / 26 / 32 / 37","38,800","43,000","45,000","46,500",,인상 26/2/12,실사 25/12/23
(1)302아카18N무,◈집성(아카시아) 1220*2440*18★무절S/F,집성목,재고,"60300 포함
13 / 24 / 32 / 36","62,100","68,000","72,500","75,000",,인상 25/3/19,실사 25/12/23
(1)302아카18유,◈집성(아카시아) 1220*2440*18 유절 S/F,집성목,재고,"45000원 포함
13 / 23 / 31 / 36","46,400","50,500","54,000","56,000",,인상 25/2/17,실사 25/12/23
(1)302에쉬1848,◈집성(에쉬) 1220*2440*18 S/F,집성목,재고,"106000 포함
14 / 25 / 30 / 34","110,000","120,000","125,000","129,000",,인상 25/3/19,실사 25/12/23
(1)302오동12솔,◈집성(오동나무) 1000*2000*12 솔리드,집성목,재고,"34100 포함
20 / 30 / 40 / 45","37,300","40,000","44,000","45,000",,조정 25/3/19,실사 25/12/23
(1)500다크브201328,◈합성목재 20*140*2400 (8자) 다크브라운,합성목,재고,"10000 별도
14 / 28 / 33 / 38","11,400","12,800","13,300","13,800",,인하 25/7/8,실사 25/12/23
(1)500도장피스838,◈합성목재 도장직결피스(8*38) [500개] 다크브라운,합성목,재고,"40000원 포함
15 / 30 / 35 / 40","42,000","47,000","49,000","51,000",,인상 25/9/17,실사 25/12/23
(1)500미들클립20,◈합성목재 미들클립(20T) [100개] 블랙,합성목,재고,,"22,700","26,800","28,600","29,500",,,실사 25/12/23
(1)500스타트클립20,◈합성목재 스타트클립(20T) [50개] 블랙,합성목,재고,,"9,100","10,900","12,000","12,300",,,실사 25/12/23
(1)500아티론,◈합성목재 연결보조제(아티론) [100개],합성목,재고,"10000원 포함
15 / 35 / 45 / 50","10,500","12,300","13,200","13,700",,인상 25/6/25,실사 25/12/23
(1)500클립피스820,◈합성목재 클립전용피스(8*20) [500개],합성목,재고,,"16,400","19,100","20,500","20,900",,,실사 25/12/23
(1)502백스페,◈백색 스페이스월(1220*2440)[쫄대포함],마감재,재고,"47000원 별도
14 / 28 / 33 / 37","53,500","60,000","62,500","64,500",,인상 25/8/5,실사 25/12/23
(1)503스카이비바,◈스카이비바 24K 50T*450*1000,흡음재,재고,"1550 별도
23 / 37 / 55 / 90","2,000","2,200","2,500","3,000",,,실사 25/12/23
(1)503차음시트기본,◈차음시트 2T 접착 1000*1000,흡음재,재고,"3800 별도
11 / 25 / 30 / 35","4,300","4,800","5,000","5,200",,,
(1)503타공라메9,◈타공판/라인/메이플/방염 1184*2400*9T,흡음재,재고,"39500 별도
11 / 22 / 26 / 30","43,900","48,000","50,000","51,500",,인상 25/4/7,실사 25/12/23
(1)503타공원메9,◈타공판/원형/메이플/방염 1200*2400*9T,흡음재,재고,"36000 별도
12 / 24 / 28 / 32","40,400","44,700","46,100","47,600",,인상 25/4/7,실사 25/12/23
(1)60010그라스울기본,◈(28장★벽산) 그라스울 24K50*450*1m,단열재,재고,"44075 포함 ( KG당 2650원 )
17 / 27 / 37 / 42","46,800","50,900","55,000","56,800",,인상 24/3/7,실사 25/12/23
(1)60011아이소101호,◈아이소핑크 1호 10T 3*6,단열재,재고,"2200 별도 
mm당 220 (실 200)
17 / 37 / 42 / 50","2,600","3,100","3,200","3,300",,인하 25/7/7,실사 25/12/23
(1)60011이보드13도배,◈이보드 13T 900*2400 (도배용),단열재,재고,"8800 별도
13 / 25 / 30 / 35","10,000","11,000","11,500","12,000",,인하 25/7/3,실사 25/12/23
(1)60012아이소20특,◈아이소핑크 특호 20T 3*6,단열재,재고,"4300 별도
mm당 215 (실 170)
17 / 35 / 42 / 48","5,100","5,900","6,200","6,400",,인하 25/6/18,실사 25/12/23
(1)60012이보드23도배,◈이보드 23T 900*2400 (도배용),단열재,재고,"13500 별도
13 / 28 / 33 / 38","15,300","17,300","18,000","18,800",,인하 25/7/3,실사 25/12/23
(1)60013아이소30특,◈아이소핑크 특호 30T 3*6,단열재,재고,"4800 별도
mm당 160 (실 150)
17 / 35 / 42 / 48","5,700","6,500","6,900","7,200",,인하 25/7/7,실사 25/12/23
(1)60013이보드33도배,◈이보드 33T 900*2400 (도배용),단열재,재고,"16500 별도
13 / 28 / 33 / 38","18,700","21,200","22,000","23,000",,인하 25/7/3,실사 25/12/23
(1)60014아이소50특,◈아이소핑크 특호 50T 3*6,단열재,재고,"8000 별도
mm당 160 (실 150)
17 / 35 / 42 / 48","9,400","10,800","11,400","11,900",,인하 25/7/7,실사 25/12/23
(1)60015아이소100특,◈아이소핑크 특호 100T 3*6,단열재,재고,"16000 별도
mm당 160 (실 150)
16 / 32 / 40 / 45","18,600","21,200","22,400","23,200",,인하 25/7/7,실사 25/12/23
(1)6001열반사10양,◈열반사단열재 10T 양면/은/접착(25M),단열재,재고,57000 별도<br>13 / 30 / 40 / 45,"64,500","74,500","80,000","83,600",,인하 24/10/14,실사 25/12/23
(1)6001열반사6양,◈열반사단열재 6T 양면/은/접착(50M),단열재,재고,73000 별도<br>13 / 30 / 40 / 45,"82,700","94,500","101,800","105,500",,인하 24/10/14,실사 25/12/23
(1)6002열반사10양,◈열반사단열재 10T 양면/★동/접착(25M),단열재,재고,"60000 별도
13 / 30 / 40 / 45","67,800","78,000","84,000","87,000",,신규 25년 1월,실사 25/12/23
(1)6002열반사6양,◈열반사단열재 6T 양면/★동/접착(50M),단열재,재고,"76000 별도
13 / 30 / 40 / 45","86,000","98,800","106,400","110,000",,신규 25년 1월,실사 25/12/23
(1)600LXPF301800N,◈LX Z:IN PF보드 30T 1000*1800 [1면 준불연],단열재,재고,"12420 별도
10 / 20 / 32 / 32","13,700","15,000","16,500","16,500",,,실사 25/12/23
(1)600LXPF501800N,◈LX Z:IN PF보드 50T 1000*1800 [1면 준불연],단열재,재고,"18000 별도
10 / 22 / 33 / 33","19,800","22,000","24,000","24,000",,,실사 25/12/23
(1)600LXPF901800N,◈LX Z:IN PF보드 90T 1000*1800 [1면 준불연],단열재,재고,"32400 별도
10 / 20 / 32 / 32","35,700","39,000","43,000","43,000",,,실사 25/12/23
(1)600이보드13페,◈이보드 13T 900*2400 (페인트용),단열재,재고,"10000 별도
13 / 25 / 30 / 35","11,300","12,500","13,000","13,500",,인하 25/7/3,실사 25/12/23
(1)600이보드23페,◈이보드 23T 900*2400 (페인트용),단열재,재고,"14500 별도
15 / 28 / 33 / 38","16,700","18,600","19,300","20,000",,인하 25/7/3,실사 25/12/23
(1)600이보드33페,◈이보드 33T 900*2400 (페인트용),단열재,재고,"17500 별도
15 / 28 / 33 / 38","20,200","22,400","23,300","24,200",,인하 25/7/3,실사 25/12/23
(1)700168401걸레,◈영림168PS120 401걸레받이 (40*9),몰딩도어류,재고,"2096 포함
13 / 25 / 34 / 38","2,200","2,400","2,600","2,700",,,실사 25/12/23
(1)700AL앵글도장,◈AL 앵글 (백색도장) 1.0T 19*19*3000,경량철골,재고,,"2,040","2,250","2,400","2,550",,,실사 25/12/23
(1)700A합7351935,◈합판문 36*735*1935,몰딩도어류,재고,"55000 포함
11 / 13 / 32 / 35","55,500","61,000","68,200","69,100",,,실사 25/12/23
(1)700B합7352035,◈합판문 36*735*2035,몰딩도어류,재고,"55000 포함
11 / 13 / 32 / 35","55,500","61,000","68,200","69,100",,,실사 25/12/23
(1)700C합8352035,◈합판문 36*835*2035,몰딩도어류,재고,"55000 포함
11 / 13 / 32 / 35","55,500","61,000","68,200","69,100",,,실사 25/12/23
(1)700D합9352035,◈합판문 36*935*2035,몰딩도어류,재고,"60000 포함
11 / 13 / 32 / 35","60,500","66,500","76,400","77,300",,,실사 25/12/23
(1)700E합8002000무,◈합판문틀 110*800*2000/식기무X,몰딩도어류,재고,,"41,800","44,400","50,000","50,900",,,실사 25/5/13
(1)700F합8002000유,◈합판문틀 110*800*2000/식기유O,몰딩도어류,재고,,"49,200","52,300","60,000","60,000",,,실사 25/12/23
(1)700G합8002100무,◈합판문틀 110*800*2100/식기무X,몰딩도어류,재고,,"41,800","44,400","50,000","50,900",,,실사 25/5/13
(1)700H합9002100무,◈합판문틀 110*900*2100/식기무X,몰딩도어류,재고,,"41,800","44,400","50,000","50,900",,,실사 25/5/13
(1)700I합9002100유,◈합판문틀 110*900*2100/식기유O,몰딩도어류,재고,,"49,200","52,300","60,000","60,000",,,실사 25/5/13
(1)700J합1102100다,◈합판문틀 라왕 40*110*2100 다대,몰딩도어류,재고,,"15,000","15,300","17,700","18,200",,,
(1)700K합100800요,◈합판문틀 라왕 40*110*800 요꼬,몰딩도어류,재고,,,,,,,,
(1)700L합110900요,◈합판문틀 라왕 40*110*900 요꼬,몰딩도어류,재고,,,,,,,,
(1)700P마이너메지95,◈PVC 마이너스 메지 9.5T(SS-1601) 10자,,재고,,"2,100","2,500","2,700","3,000",,,
(1)700메지도장95,◈메지몰딩 백색도장/T형 9.5T 1P용 * 10자,경량철골,재고,,"3,000","3,300","3,600","3,900",,,실사 25/12/23
(1)700영1162계단,◈영림116 2계단 소 (50*12) [중백색],몰딩도어류,재고,,"2,900","3,200","3,500","3,500",,,
(1)700영116301걸레,◈영림116 301걸레받이 (30*9),몰딩도어류,재고,"1857 포함
13 / 25 / 34 / 38","2,000","2,200","2,300","2,400",,,실사 25/12/23
(1)700영116601걸레,◈영림116 601걸레받이 (60*9) [중백색],몰딩도어류,재고,2709 포함<br>13 / 25 / 34 / 38,"2,800","3,100","3,400","3,500",,,
(1)700영11680020001,◈영림116 분리형 110*800*2000/식기유,몰딩도어류,재고,71530 포함<br>13 / 25 / 34 / 38,"73,500","81,300","87,200","89,800",,인상 25/4/23,
(1)700영11680020002,◈영림116 분리형 110*800*2000/식기무,몰딩도어류,재고,60801 포함<br>13 / 25 / 34 / 38,"62,500","69,000","74,000","76,300",,인상 25/4/23,
(1)700영11690021001,◈영림116 분리형 110*900*2100/식기유,몰딩도어류,재고,71530 포함<br>13 / 25 / 34 / 38,"73,500","81,300","87,200","89,800",,인상 25/4/23,
(1)700영11690021002,◈영림116 분리형 110*900*2100/식기무,몰딩도어류,재고,60801 포함<br>13 / 25 / 34 / 38,"62,500","69,000","74,000","76,300",,인상 25/4/23,
(1)700영116901걸레,◈영림116 901걸레받이 (90*9) [중백색],몰딩도어류,재고,3287 포함<br>13 / 25 / 34 / 38,"3,500","3,800","4,100","4,200",,,
(1)700영116P마이너,◈영림116 ★PVC★마이너스 (25*12) [중백색],몰딩도어류,재고,"3132 포함
13 / 25 / 34 / 38","3,300","3,600","3,800","4,000",,조정 24/12/5,
(1)700영116마이너,◈영림116 마이너스몰딩 (25*15) [중백색],몰딩도어류,재고,2285 포함<br>13 / 25 / 34 / 38,"2,400","2,600","2,800","2,900",,,실사 25/12/23
(1)700영116문선,◈영림116 문선 (58*15) [중백색],몰딩도어류,재고,,"3,800","4,200","4,500","4,600",,,
(1)700영116시트,◈영림116 인테리어필름(M),몰딩도어류,재고,,"7,400","8,300","9,000","9,545",,,실사 25/12/23
(1)700영116엣지,◈영림116 엣지필름(25M),몰딩도어류,재고,,"4,700","5,200","5,600","5,900",,,
(1)700영116천정1,◈영림116 천정1번 (80*12) [중백색],몰딩도어류,재고,3684 포함<br>13 / 25 / 34 / 38,"3,800","4,300","4,500","4,600",,,
(1)700영116천정2,◈영림116 천정2번 (70*12) [중백색],몰딩도어류,재고,3339 포함<br>13 / 25 / 34 / 38,"3,500","3,800","4,100","4,300",,,
(1)700영116천정3,◈영림116 천정3번 (55*12) [중백색],몰딩도어류,재고,2871 포함<br>13 / 25 / 34 / 38,"3,000","3,300","3,500","3,600",,,
(1)700영116코너중,◈영림116 코너기둥65 (65*12) 중,몰딩도어류,재고,,"9,500","10,500","11,200","11,500",,,
(1)700영116평100,◈영림116 평100 (100*9) [중백색],몰딩도어류,재고,3525 포함<br>13 / 25 / 34 / 38,"3,600","4,100","4,400","4,500",,,
(1)700영116평120,◈영림116 평120 (120*9) [중백색],몰딩도어류,재고,4179 포함<br>13 / 25 / 34 / 38,"4,400","4,800","5,100","5,300",,,
(1)700영116평160,◈영림116 평160 (160*9) [중백색],몰딩도어류,재고,5343 포함<br>13 / 25 / 34 / 38,"5,500","6,100","6,500","6,700",,,
(1)700영116평200,◈영림116 평200 (200*9) [중백색],몰딩도어류,재고,6101 포함<br>13 / 25 / 34 / 38,"6,300","7,000","7,500","7,700",,,
(1)700영116평250,◈영림116 평250 (250*9) [중백색],몰딩도어류,재고,7887 포함<br>13 / 25 / 34 / 38,"8,200","9,000","9,600","9,900",,,
(1)700영116평30,◈영림116 평30 (30*9) [중백색],몰딩도어류,재고,1761 포함<br>13 / 25 / 34 / 38,"1,800","2,100","2,200","2,300",,,실사 25/12/23
(1)700영116평300,◈영림116 평300 (300*9) [중백색],몰딩도어류,재고,9332 포함<br>13 / 25 / 34 / 38,"9,600","10,600","11,500","11,700",,,
(1)700영116평40,◈영림116 평40 (40*9) [중백색],몰딩도어류,재고,2021 포함<br>13 / 25 / 34 / 38,"2,100","2,400","2,500","2,600",,,실사 25/12/23
(1)700영116평60,◈영림116 평60 (60*9) [중백색],몰딩도어류,재고,2418 포함<br>13 / 25 / 34 / 38,"2,500","2,800","3,000","3,100",,,
(1)700영116평80,◈영림116 평80 (80*9) [중백색],몰딩도어류,재고,2958 포함<br>13 / 25 / 34 / 38,"3,100","3,400","3,600","3,700",,,
(1)700영116평문선,◈영림116 평문선 (60*12) [중백색],몰딩도어류,재고,2926 포함<br>13 / 25 / 34 / 38,"3,100","3,400","3,600","3,700",,,
(1)700영161시트,◈영림161 인테리어필름(M),몰딩도어류,재고,,"6,000","6,600","6,800","7,300",,,
(1)700영168301걸레,◈영림168PS120 301걸레받이 (30*9),몰딩도어류,재고,"1857 포함
13 / 25 / 34 / 38","2,000","2,200","2,300","2,400",,,
(1)700영16890021002,◈영림168PS120 분리형 110*900*2100/식기무,몰딩도어류,재고,60801 포함<br>13 / 25 / 34 / 38,"62,500","69,000","74,000","76,300",,인상 25/4/23,
(1)700영168마이너,◈영림168PS120 마이너스몰딩 (25*15),몰딩도어류,재고,"2285 포함
13 / 25 / 34 / 38","2,400","2,600","2,800","2,900",,,실사 25/12/23
(1)700영168엣지,◈영림168PS120 엣지필름(25M),몰딩도어류,재고,,"4,700","5,200","5,600","5,900",,,
(1)700영168평30,◈영림168PS120 평30 (30*9),몰딩도어류,재고,"1761 포함
13 / 25 / 34 / 38","1,800","2,100","2,200","2,300",,,실사 25/12/23
(1)700영168평40,◈영림168PS120 평40 (40*9),몰딩도어류,재고,"2021 포함
13 / 25 / 34 / 38","2,100","2,400","2,500","2,600",,,실사 25/12/23
(1)700영168평60,◈영림168PS120 평60 (60*9),몰딩도어류,재고,"2418 포함
13 / 25 / 34 / 38","2,500","2,800","3,000","3,100",,,
(1)700영169301걸레,◈영림169PS130 301걸레받이 (30*9),몰딩도어류,재고,"1857 포함
13 / 25 / 34 / 38","2,000","2,200","2,300","2,400",,,
(1)700영169401걸레,◈영림169PS130 401걸레받이 (40*9),몰딩도어류,재고,"2096 포함
13 / 25 / 34 / 38","2,200","2,400","2,600","2,700",,,
(1)700영16990021002,◈영림169PS130 분리형 110*900*2100/식기무,몰딩도어류,재고,60801 포함<br>13 / 25 / 34 / 38,"62,500","69,000","74,000","76,300",,인상 25/4/23,
(1)700영169마이너,◈영림169PS130 마이너스몰딩 (25*15),몰딩도어류,재고,2285 포함<br>13 / 25 / 34 / 38,"2,400","2,600","2,800","2,900",,,실사 25/12/23
(1)700영169엣지,◈영림169PS130 엣지필름(25M),몰딩도어류,재고,,"4,700","5,200","5,600","5,900",,,
(1)700영169평30,◈영림169PS130 평30 (30*9),몰딩도어류,재고,"1761 포함
13 / 25 / 34 / 38","1,800","2,100","2,200","2,300",,,
(1)700영169평40,◈영림169PS130 평40 (40*9),몰딩도어류,재고,"2021 포함
13 / 25
34 / 38","2,100","2,400","2,500","2,600",,,
(1)700영169평60,◈영림169PS130 평60 (60*9),몰딩도어류,재고,"2418 포함
13 / 25 / 34 / 38","2,500","2,800","3,000","3,100",,,
(1)700영194301걸레,◈영림194PS160 301걸레받이 (30*9),몰딩도어류,재고,1857 포함<br>13 / 25 / 34 / 38,"2,000","2,200","2,300","2,400",,,신규 26/2/3
(1)700영194401걸레,◈영림194PS160 401걸레받이 (40*9),몰딩도어류,재고,2096 포함<br>13 / 25 / 34 / 38,"2,200","2,400","2,600","2,700",,,신규 26/2/3
(1)700영194마이너스,◈영림194PS160 마이너스몰딩 (25*15),몰딩도어류,재고,2285 포함<br>13 / 25 / 34 / 38,"2,400","2,600","2,800","2,900",,,신규 26/2/3
(1)700영194평30,◈영림194PS160 평30 (30*9),몰딩도어류,재고,1761 포함<br>13 / 25 / 34 / 38,"1,800","2,100","2,200","2,300",,,신규 26/2/3
(1)700영194평40,◈영림194PS160 평40 (40*9),몰딩도어류,재고,2021 포함<br>13 / 25 / 34 / 38,"2,100","2,400","2,500","2,600",,,신규 26/2/3
(1)700영194평60,◈영림194PS160 평60 (60*9),몰딩도어류,재고,2418 포함<br>13 / 25 / 34 / 38,"2,500","2,800","3,000","3,100",,,신규 26/2/3
(1)700영195301걸레,◈영림195PS170 301걸레받이 (30*9),몰딩도어류,재고,"1857 포함
13 / 25 / 34 / 38","2,000","2,200","2,300","2,400",,,실사 25/12/23
(1)700영195401걸레,◈영림195PS170 401걸레받이 (40*9),몰딩도어류,재고,"2096 포함
13 / 25 / 34 / 38","2,200","2,400","2,600","2,700",,,실사 25/12/23
(1)700영195엣지,◈영림195PS170 엣지필름 (25M),몰딩도어류,재고,,,,,,,,
(1)700영2580020001,◈영림25 분리형 110*800*2000/식기유,몰딩도어류,재고,71530 포함<br>13 / 25 / 34 / 38,"73,500","81,300","87,200","89,800",,인상 25/4/23,
(1)700영2580020002,◈영림25 분리형 110*800*2000/식기무,몰딩도어류,재고,60801 포함<br>13 / 25 / 34 / 38,"62,500","69,000","74,000","76,300",,인상 25/4/23,
(1)700영2590021001,◈영림25 분리형 110*900*2100/식기유,몰딩도어류,재고,71530 포함<br>13 / 25 / 34 / 38,"73,500","81,300","87,200","89,800",,인상 25/4/23,
(1)700영2590021002,◈영림25 분리형 110*900*2100/식기무,몰딩도어류,재고,60801 포함<br>13 / 25 / 34 / 38,"62,500","69,000","74,000","76,300",,인상 25/4/23,
(1)700영25코너대,◈영림25 코너기둥100 (100*12) 대,몰딩도어류,재고,,"11,900","13,100","14,100","14,500",,,
(1)700영25코너소,◈영림25 코너기둥40 (40*9) 소,몰딩도어류,재고,,"6,600","7,300","7,800","8,000",,,실사 25/12/23
(1)700영2780020001,◈영림27 분리형 110*800*2000/식기유,몰딩도어류,재고,71530 포함<br>13 / 25 / 34 / 38,"73,500","81,300","87,200","89,800",,인상 25/4/23,
(1)700영2780020002,◈영림27 분리형 110*800*2000/식기무,몰딩도어류,재고,60801 포함<br>13 / 25 / 34 / 38,"62,500","69,000","74,000","76,300",,인상 25/4/23,
(1)700영2790021001,◈영림27 분리형 110*900*2100/식기유,몰딩도어류,재고,71530 포함<br>13 / 25 / 34 / 38,"73,500","81,300","87,200","89,800",,인상 25/4/23,
(1)700영3480020002,◈영림34 분리형 110*800*2000/식기무,몰딩도어류,재고,60801 포함<br>13 / 25 / 34 / 38,"62,500","69,000","74,000","76,300",,인상 25/4/23,
(1)700영402계단,◈영림40 2계단 소 (50*12) [인디언오크],몰딩도어류,재고,,"2,900","3,200","3,500","3,500",,,
(1)700영403계단,◈영림40 3계단 (48*15) [인디언오크],몰딩도어류,재고,,"3,300","3,500","3,800","3,900",,,
(1)700영4080020001,◈영림40 분리형 110*800*2000/식기유,몰딩도어류,재고,71530 포함<br>13 / 25 / 34 / 38,"73,500","81,300","87,200","89,800",,인상 25/4/23,
(1)700영4080020002,◈영림40 분리형 110*800*2000/식기무,몰딩도어류,재고,60801 포함<br>13 / 25 / 34 / 38,"62,500","69,000","74,000","76,300",,인상 25/4/23,
(1)700영4090021001,◈영림40 분리형 110*900*2100/식기유,몰딩도어류,재고,71530 포함<br>13 / 25 / 34 / 38,"73,500","81,300","87,200","89,800",,인상 25/4/23,
(1)700영4090021002,◈영림40 분리형 110*900*2100/식기무,몰딩도어류,재고,60801 포함<br>13 / 25 / 34 / 38,"62,500","69,000","74,000","76,300",,인상 25/4/23,
(1)700영40901걸레,◈영림40 901걸레받이 (90*9) [인디언오크],몰딩도어류,재고,3287 포함<br>13 / 25 / 34 / 38,"3,500","3,800","4,100","4,200",,,
(1)700영40마이너,◈영림40 마이너스몰딩 (25*15) [인디언오크],몰딩도어류,재고,2285 포함<br>13 / 25 / 34 / 38,"2,400","2,600","2,800","2,900",,,
(1)700영40문선,◈영림40 문선 (58*15) [인디언오크],몰딩도어류,재고,,"3,800","4,200","4,500","4,600",,,
(1)700영40엣지,◈영림40 엣지필름(25M),몰딩도어류,재고,,"4,700","5,200","5,600","5,900",,,
(1)700영40천정1,◈영림40 천정1번 (80*12) [인디언오크],몰딩도어류,재고,3684 포함<br>13 / 25 / 34 / 38,"3,800","4,300","4,500","4,600",,,
(1)700영40천정2,◈영림40 천정2번 (70*12) [인디언오크],몰딩도어류,재고,3339 포함<br>13 / 25 / 34 / 38,"3,500","3,800","4,100","4,300",,,
(1)700영40천정3,◈영림40 천정3번 (55*12) [인디언오크],몰딩도어류,재고,2871 포함<br>13 / 25 / 34 / 38,"3,000","3,300","3,500","3,600",,,
(1)700영40코너30,◈영림40 코너기둥30 (30*9) 미니,몰딩도어류,재고,,"6,100","6,700","7,200","7,400",,,
(1)700영40코너대,◈영림40 코너기둥100 (100*12) 대,몰딩도어류,재고,,"11,900","13,100","14,100","14,500",,,
(1)700영40코너소,◈영림40 코너기둥40 (40*9) 소,몰딩도어류,재고,,"6,600","7,300","7,800","8,000",,,
(1)700영40코너중,◈영림40 코너기둥65 (65*12) 중,몰딩도어류,재고,,"9,500","10,500","11,200","11,500",,,
(1)700영40평100,◈영림40 평100 (100*9) [인디언오크],몰딩도어류,재고,"3525 포함
13 / 25 / 34 / 38","3,600","4,100","4,400","4,500",,,실사 25/6/24
(1)700영40평120,◈영림40 평120 (120*9) [인디언오크],몰딩도어류,재고,4179 포함<br>13 / 25 / 34 / 38,"4,400","4,800","5,100","5,300",,,
(1)700영40평160,◈영림40 평160 (160*9) [인디언오크],몰딩도어류,재고,5343 포함<br>13 / 25 / 34 / 38,"5,500","6,100","6,500","6,700",,,
(1)700영40평200,◈영림40 평200 (200*9) [인디언오크],몰딩도어류,재고,6101 포함<br>13 / 25 / 34 / 38,"6,300","7,000","7,500","7,700",,,
(1)700영40평250,◈영림40 평250 (250*9) [인디언오크],몰딩도어류,재고,7887 포함<br>13 / 25 / 34 / 38,"8,200","9,000","9,600","9,900",,,
(1)700영40평30,◈영림40 평30 (30*9) [인디언오크],몰딩도어류,재고,1761 포함<br>13 / 25 / 34 / 38,"1,800","2,100","2,200","2,300",,,
(1)700영40평300,◈영림40 평300 (300*9) [인디언오크],몰딩도어류,재고,9332 포함<br>13 / 25 / 34 / 38,"9,600","10,600","11,500","11,700",,,
(1)700영40평40,◈영림40 평40 (40*9) [인디언오크],몰딩도어류,재고,2021 포함<br>13 / 25 / 34 / 38,"2,100","2,400","2,500","2,600",,,
(1)700영40평60,◈영림40 평60 (60*9) [인디언오크],몰딩도어류,재고,2418 포함<br>13 / 25 / 34 / 38,"2,500","2,800","3,000","3,100",,,
(1)700영40평80,◈영림40 평80 (80*9) [인디언오크],몰딩도어류,재고,2958 포함<br>13 / 25 / 34 / 38,"3,100","3,400","3,600","3,700",,,
(1)700영40필름M,◈영림40 인테리어필름(M),몰딩도어류,재고,,"7,400","8,300","9,000","9,545",,,실사 25/4/17
(1)700영5080020001,◈영림50 분리형 110*800*2000/식기유,몰딩도어류,재고,71530 포함<br>13 / 25 / 34 / 38,"73,500","81,300","87,200","89,800",,인상 25/4/23,
(1)700영5080020002,◈영림50 분리형 110*800*2000/식기무,몰딩도어류,재고,60801 포함<br>13 / 25 / 34 / 38,"62,500","69,000","74,000","76,300",,인상 25/4/23,
(1)700영5090021001,◈영림50 분리형 110*900*2100/식기유,몰딩도어류,재고,71530 포함<br>13 / 25 / 34 / 38,"73,500","81,300","87,200","89,800",,인상 25/4/23,
(1)700영5090021002,◈영림50 분리형 110*900*2100/식기무,몰딩도어류,재고,60801 포함<br>13 / 25 / 34 / 38,"62,500","69,000","74,000","76,300",,인상 25/4/23,
(1)700영50엣지,◈영림50 엣지필름(25M),몰딩도어류,재고,,"4,700","5,200","5,600","5,900",,,
(1)700영5380020001,◈영림53-1 분리형 110*800*2000/식기유,몰딩도어류,재고,71530 포함<br>13 / 25 / 34 / 38,"73,500","81,300","87,200","89,800",,인상 25/4/23,
(1)700영5380020002,◈영림53-1 분리형 110*800*2000/식기무,몰딩도어류,재고,60801 포함<br>13 / 25 / 34 / 38,"62,500","69,000","74,000","76,300",,인상 25/4/23,
(1)700영5390021001,◈영림53-1 분리형 110*900*2100/식기유,몰딩도어류,재고,71530 포함<br>13 / 25 / 34 / 38,"73,500","81,300","87,200","89,800",,인상 25/4/23,
(1)700영5390021002,◈영림53-1 분리형 110*900*2100/식기무,몰딩도어류,재고,60801 포함<br>13 / 25 / 34 / 38,"62,500","69,000","74,000","76,300",,인상 25/4/23,
(1)700영53시트,◈영림53-1 인테리어필름(M),몰딩도어류,재고,,"7,400","8,300","9,000","9,545",,,
(1)700영53엣지,◈영림53-1 엣지필름(25M),몰딩도어류,재고,,"4,700","5,200","5,600","5,900",,,
(1)700영PS170평40,◈영림195PS170 평40 (40*9),몰딩도어류,재고,"2021 포함
13 / 25 / 34 / 38","2,100","2,300","2,500","2,600",,,실사 25/12/23
(1)700영P백2계단대,◈영림 PVC 백색2계단 (50*15) (大),몰딩도어류,재고,,"2,700","3,000","3,200","3,300",,,
(1)700영P백2계단소,◈영림 PVC 백색2계단 (35*15) (小),몰딩도어류,재고,,"2,200","2,500","2,600","2,700",,,
(1)700영더1167331935,◈영림116 더도어 ABS TA-04 733*1935,몰딩도어류,재고,77160 포함<br>13 / 25 / 34 / 38,"79,300","87,700","94,100","96,800",,,
(1)700영더1167331960,◈영림116 더도어 ABS TA-04 733*1960,몰딩도어류,재고,77160 포함<br>13 / 25 / 34 / 38,"79,500","87,700","94,100","96,800",,,
(1)700영더1167332060,◈영림116 더도어 ABS TA-04 733*2060,몰딩도어류,재고,77160 포함<br>13 / 25 / 34 / 38,"79,500","87,700","94,100","96,800",,,
(1)700영더1168332035,◈영림116 더도어 ABS TA-04 833*2035,몰딩도어류,재고,77160 포함<br>13 / 25 / 34 / 38,"79,300","87,700","94,100","96,800",,,실사 25/12/23
(1)700영더1168332060,◈영림116 더도어 ABS TA-04 833*2060,몰딩도어류,재고,"77160 포함
13 / 25 / 34 / 38","79,300","87,700","94,100","96,800",,,실사 25/12/23
(1)700영더1688332060,◈영림168PS120 더도어 ABS TA-04 833*2060,몰딩도어류,재고,"77160 포함
13 / 25 / 34 / 38","79,300","87,700","94,100","96,800",,,실사 25/12/23
(1)700영더1698332060,◈영림169PS130 더도어 ABS TA-04 833*2060,몰딩도어류,재고,77160 포함<br>13 / 25 / 34 / 38,"79,300","87,700","94,100","96,800",,,
(1)700영더257331935,◈영림25 더도어 ABS TA-04 733*1935,몰딩도어류,재고,77160 포함<br>13 / 25 / 34 / 38,"79,500","87,700","94,100","96,800",,,
(1)700영더258332035,◈영림25 더도어 ABS TA-04 833*2035,몰딩도어류,재고,77160 포함<br>13 / 25 / 34 / 38,"79,500","87,700","94,100","96,800",,,
(1)700영더277331935,◈영림27 더도어 ABS TA-04 733*1935,몰딩도어류,재고,77160 포함<br>13 / 25 / 34 / 38,"79,300","87,700","94,100","96,800",,,
(1)700영더278332060,◈영림27 더도어 ABS TA-04 833*2060,몰딩도어류,재고,"77160 포함
13 / 25 / 34 / 38","79,300","87,700","94,100","96,800",,,실사 25/12/23
(1)700영더347331935,◈영림34 더도어 ABS TA-04 733*1935,몰딩도어류,재고,77160 포함<br>13 / 25 / 34 / 38,"79,300","87,700","94,100","96,800",,,
(1)700영더348332035,◈영림34 더도어 ABS TA-04 833*2035,몰딩도어류,재고,77160 포함<br>13 / 25 / 34 / 38,"79,300","87,700","94,100","96,800",,,
(1)700영더407331935,◈영림40 더도어 ABS TA-04 733*1935,몰딩도어류,재고,77160 포함<br>13 / 25 / 34 / 38,"79,300","87,700","94,100","96,800",,,
(1)700영더408332035,◈영림40 더도어 ABS TA-04 833*2035,몰딩도어류,재고,77160 포함<br>13 / 25 / 34 / 38,"79,300","87,700","94,100","96,800",,,
(1)700영더408332060,◈영림40 더도어 ABS TA-04 833*2060,몰딩도어류,재고,"77160 포함
13 / 25 / 34 / 38","79,300","87,700","94,100","96,800",,,실사 25/12/23
(1)700영더537331935,◈영림53 더도어 ABS TA-04 733*1935,몰딩도어류,재고,77160 포함<br>13 / 25 / 34 / 38,"79,300","87,700","94,100","96,800",,,
(1)700영더537331960,◈영림53 더도어 ABS TA-04 733*1960,몰딩도어류,재고,77160 포함<br>13 / 25 / 34 / 38,"79,300","87,700","94,100","96,800",,,
(1)700영더538332035,◈영림53 더도어 ABS TA-04 833*2035,몰딩도어류,재고,77160 포함<br>13 / 25 / 34 / 38,"79,300","87,700","94,100","96,800",,,
(1)700영더538332060,◈영림53-1 더도어 ABS TA-04 833*2060,몰딩도어류,재고,"77160 포함
13 / 25 / 34 / 38","79,300","87,700","94,100","96,800",,,실사 25/12/23
(1)700영렉스31208,◈영림 렉스판 8자312 (유광백색) 2400,몰딩도어류,재고,7975 포함<br>13 / 25 / 34 / 38,"8,200","9,100","9,600","10,000",,,
(1)700영렉스31210,◈영림 렉스판 10자312 (유광백색) 3000,몰딩도어류,재고,9975 포함<br>13 / 25 / 34 / 38,"10,200","11,400","12,200","12,500",,,실사 25/12/23
(1)700영렉스31212,◈영림 렉스판 12자312 (유광백색) 3600,몰딩도어류,재고,11963 포함<br>13 / 25 / 34 / 38,"12,300","13,600","14,500","15,000",,,
(1)700영림P마이너,◈영림 PVC 마이너스25 (25*12),몰딩도어류,재고,,"2,250","2,500","2,700","2,800",,,
(1)700예HP52130걸레,◈예림HP521 30걸레받이 (30*9),몰딩도어류,재고,"2280 포함
13 / 25 / 34 / 38","2,400","2,600","2,800","2,900",,,실사 25/12/23
(1)700예HP52140걸레,◈예림HP521 40걸레받이 (40*9),몰딩도어류,재고,"2520 포함
13 / 25 / 34 / 38","2,600","2,900","3,100","3,200",,신규 25/5/19,실사 25/12/23
(1)700예HP52230걸레,◈예림HP522 30걸레받이 (30*9),몰딩도어류,재고,"2280 포함
13 / 25 / 34 / 38","2,400","2,600","2,800","2,900",,,실사 25/12/23
(1)700예HP52240걸레,◈예림HP522 40걸레받이 (40*9),몰딩도어류,재고,"2520 포함
13 / 25 / 34 / 38","2,600","2,900","3,100","3,200",,신규 25/5/19,실사 25/12/23
(1)80011실리1투명,◈실리콘 투명○,철물부자재,재고,,"2,000","2,300","2,500","2,600",,인하 24/3/19,실사 25/12/23
(1)80011이지경실,◈이지경첩 실버 VN ★ [1조],철물부자재,재고,"2340 별도
25 / 40 / 60 / 75","3,000","3,300","3,800","4,200",,인상 26/1/27,실사 25/12/23
(1)80011일반경실,◈일반경첩 실버 VN [1조],철물부자재,재고,3500 별도<br>33 / 45 / 55 / 70,"4,700","5,000","5,500","6,000",,인상 26/2/3,
(1)80011타카422J,◈422J (목공용 ㄷ자 타카핀),철물부자재,재고,"2230 별도
30 / 60 / 70 / 85","2,900","3,600","3,800","4,200",,인하 24/2/22,실사 25/12/23
(1)80012실리반투명,◈실리콘 반투명◑,철물부자재,재고,,"2,000","2,300","2,500","2,600",,인하 24/3/19,실사 25/12/23
(1)80012이지경골,◈이지경첩 골드 SB [1조],철물부자재,재고,2500 별도<br>80 / 100 / 120 / 140,"4,500","5,000","5,500","6,000",,,
(1)80012일반경골,◈일반경첩 골드 [1조],철물부자재,재고,3500 별도<br>33 / 45 / 55 / 70,"4,700","5,000","5,500","6,000",,인상 26/2/3,
(1)80013실리백색,◈실리콘 백색,철물부자재,재고,,"1,700","2,000","2,200","2,400",,인하 24/3/19,실사 25/12/23
(1)80013이지경블,◈이지경첩 블랙 BK [1조],철물부자재,재고,2500 별도<br>80 / 100 / 120 / 140,"4,500","5,000","5,500","6,000",,,
(1)80013일반경블,◈일반경첩 블랙 [1조],철물부자재,재고,3500 별도<br>33 / 45 / 55 / 70,"4,700","5,000","5,500","6,000",,인상 26/2/3,
(1)80013총422,◈제일타카 422 ☞(타카총)☞,철물부자재,재고,,"58,000","61,800","63,200","64,500",,조정 24/6/16,
(1)80014영림이지실버,◈[영림] 이지경첩 실버 ★ [1조],몰딩도어류,재고,"3600 별도
20 / 35 / 60 / 70","4,400","4,900","5,800","6,200",,,실사 25/12/23
(1)80014영림일반실버,◈[영림] 일반경첩 실버 [1조],몰딩도어류,재고,"5600 별도
20 / 35 / 60 / 70","6,800","7,600","9,000","9,500",,,실사 25/4/21
(1)80014이지경백,◈이지경첩 백색 WT [1조],철물부자재,재고,2500 별도<br>80 / 100 / 120 / 140,"4,500","5,000","5,500","6,000",,,
(1)80014피스톤422,◈피스톤 - 422,철물부자재,재고,,"4,100","5,000","5,500","5,500",,인상 23/9/6,
(1)800CAP44흑,◈CAP44 흑색(캡90각),철물부자재,재고,,,,,,,,
(1)800가위,◈다목적 가위,,재고,,"5,500","6,800","7,300","7,700",,,
(1)800고체연료,◈고체연료 17L (12KG) [에탄올 100% / 연소 12시간],철물부자재,재고,"14300 별도
20 / 33 / 40 / 55","17,200","19,000","20,000","22,000",,신규 25/12/8,
(1)800골판지,◈골판지(종이/보양재) 40M*1100,철물부자재,재고,,"17,300","20,000","22,700","24,500",,조정 24/11/27,
(1)800뎀핑레일실,◈실버 뎀핑슬라이딩레일(벽체커버용),,재고,,"43,600","44,500","52,700","53,600",,,
(1)800레일2,◈반자동 슬라이딩레일 (2M),철물부자재,재고,"16600 별도
15 / 20 / 40 / 50","19,100","20,000","23,000","25,000",,인하 25/3/19,실사 25/12/23
(1)800레일3,◈반자동 슬라이딩레일 (3M !!!),철물부자재,재고,"24900 별도
15 / 20 / 40 / 50","29,000","30,000","35,000","37,000",,인하 25/3/19,
(1)800로라미4,◈미니로라 4인치,철물부자재,재고,,"1,300","1,600","1,800","2,000",,조정 24/11/29,실사 25/12/23
(1)800마대80,◈[50장 묶음] 마대 80KG (中) [일반],철물부자재,재고,"5500 별도 (6050 포함)
80 / 150 / 160 / 170","10,000","13,500","14,500","15,000",,인상 24/10/27,실사 25/12/23
(1)800마대90,◈[50장 묶음] 마대 90KG (大)★[대형],철물부자재,재고,"8500 별도 (9350 포함)
60 / 110 / 125 / 135","13,500","18,000","19,000","20,000",,인상 24/10/27,실사 25/12/23
(1)800마대PP,◈[50장 묶음] PP 마대 [고급],철물부자재,재고,"11000 별도 (12100 포함)
40 / 80 / 100 / 110","15,500","20,000","22,000","23,000",,인상 24/10/27,실사 25/12/23
(1)800매거양321,◈매거진피스/양날(3*21) 2000PS ★코팅,철물부자재,재고,,"20,500","23,300","24,200","24,500",,,
(1)800매거양625,◈매거진피스/양날(6*25) 2000PS,철물부자재,재고,,"19,700","22,500","23,300","23,600",,,
(1)800매거양632,◈매거진피스/양날(6*32) 1000PS,철물부자재,재고,,"11,200","12,700","13,200","13,600",,,
(1)800매거양638,◈매거진피스/양날(6*38) 1000PS,철물부자재,재고,,"13,500","15,500","16,100","16,400",,,
(1)800매거외321,◈매거진피스/외날(3*21) 2000PS ★코팅,철물부자재,재고,,"20,500","23,300","24,200","24,500",,,
(1)800매거외625,◈매거진피스/외날(6*25) 2000PS,철물부자재,재고,,"15,600","17,800","18,500","18,600",,,
(1)800매거외625코,◈매거진피스/외날(6*25) 2000PS ★코팅,철물부자재,재고,,"20,500","23,300","24,200","24,500",,,
(1)800매거외632,◈매거진피스/외날(6*32) 1000PS,철물부자재,재고,,"9,300","10,500","10,900","11,200",,,
(1)800매거외638,◈매거진피스/외날(6*38) 1000PS,철물부자재,재고,,"12,300","14,000","14,500","14,800",,,
(1)800비닐대,◈비닐 0.1*1800*40M (두꺼움),철물부자재,재고,,"20,000","25,000","25,900","27,700",,조정 24/11/27,
(1)800비닐소,◈비닐 0.05*1800*45M (얇음),철물부자재,재고,,"10,900","13,600","14,500","15,500",,조정 24/11/27,
(1)800빗자루,◈ 빗자루,철물부자재,재고,"3200 포함
28 / 50 / 70 / 90","3,800","4,500","5,000","5,500",,인상 26/2/25,실사 25/7/17
(1)800빠찌링기본,◈자석 빠찌링,철물부자재,재고,,500,800,900,"1,000",,,실사 25/12/23
(1)800빠찌링백색,◈자석 빠찌링 백색(더블),철물부자재,재고,,900,"1,300","1,500","1,600",,,실사 25/12/23
(1)800빠찌링스텐,◈자석도어캐치(자석 빠찌링) 스텐(소),철물부자재,재고,,"1,100","1,400","1,600","1,700",,,
(1)800사륜로라,◈행가용 (사륜 로라),철물부자재,재고,,"16,800","20,700","21,800","23,000",,,
(1)800사포120,◈사포 (폐파) 120방,철물부자재,재고,,800,"1,000","1,100","1,200",,인상 24/12/2,
(1)800사포220,◈사포 (폐파) 220방,철물부자재,재고,,800,"1,000","1,100","1,200",,인상 24/12/2,
(1)800사포320,◈사포 (폐파) 320방,철물부자재,재고,,800,"1,000","1,100","1,200",,인상 24/12/2,
(1)800사포A원형,◈원형사포 (해바라기 폐파),철물부자재,재고,,"1,200","1,500","1,700","2,000",,,
(1)800서랍레일300,◈철레일300(서랍레일) 3단 고급★,철물부자재,재고,,"3,500","4,000","4,300","4,500",,,
(1)800서랍레일350,◈철레일350(서랍레일) 3단 고급★,철물부자재,재고,,"4,000","4,500","4,700","5,000",,,
(1)800서랍레일400,◈철레일400(서랍레일) 3단 고급★,철물부자재,재고,,"4,200","4,800","5,100","5,500",,,
(1)800서랍레일450,◈철레일450(서랍레일) 3단 고급★,철물부자재,재고,,"4,400","5,000","5,300","5,600",,,
(1)800서랍레일피스,◈서랍레일피스 3*16,철물부자재,재고,,10,15,15,20,,,
(1)800석고본드,◈석고본드 (25KG),철물부자재,재고,"10750 별도 (KG당 430 별도)
9 / 12 / 15 / 18","11,800","12,100","12,400","12,700",,인상 25/5/8,
(1)800스텐피스25,◈스텐피스 25mm (양날/500개),철물부자재,재고,"9900 별도
25 / 55 / 65 / 75","12,500","15,500","16,500","17,500",,인상 25/9/4,
(1)800스텐피스32,◈스텐피스 32mm (양날/300개),철물부자재,재고,"8500 별도
25 / 55 / 65 / 75","10,700","13,200","14,000","15,000",,조정 25/9/4,
(1)800스텐피스38,◈스텐피스 38mm (양날/300개),철물부자재,재고,"9700 별도
25 / 55 / 65 / 75","12,200","15,000","16,000","17,000",,조정 25/9/4,실사 24/12/23
(1)800스텐피스50,◈스텐피스 50mm (양날/200개),철물부자재,재고,"8500 별도
25 / 55 / 65 / 75","10,700","13,200","14,000","15,000",,조정 25/9/4,
(1)800스토퍼말굽,◈말굽(말발굽) 도어스토퍼 자동(SN),철물부자재,재고,,"3,200","3,600","4,500","4,500",,,
(1)800스토퍼블랙,◈일자 도어스토퍼(스프링) [블랙],철물부자재,재고,,"2,400","2,500","2,900","3,100",,,
(1)800스토퍼실버,◈일자 도어스토퍼(스프링) [실버],철물부자재,재고,,"2,200","2,500","2,800","3,000",,,
(1)800스톱바,◈행가레일(사륜) 스톱바,철물부자재,재고,,"2,000","2,500","2,800","3,000",,,
(1)800실1701GR,◈실린더 1701 GR (핀/실버),철물부자재,재고,"9300 별도
20 / 50 / 57 / 65","11,200","14,000","14,700","15,400",,인상 26/1/19,
(1)800실5000BK,◈실린더 5000 BK (키/블랙) KEY,철물부자재,재고,8700 별도<br>20 / 50 / 57 / 65,"10,500","13,000","13,700","14,500",,인상 26/1/19,
(1)800실5000GR,◈실린더 5000 GR (키/실버) KEY,철물부자재,재고,8700 별도<br>20 / 50 / 57 / 65,"10,500","13,000","13,700","14,500",,인상 26/1/19,
(1)800실5000WT,◈실린더 5000 WT (키/화이트) KEY,철물부자재,재고,8700 별도<br>20 / 50 / 57 / 65,"10,500","13,000","13,700","14,500",,인상 26/1/19,
(1)800실5001BK,◈실린더 5001 BK (핀/블랙),철물부자재,재고,8200 별도<br>20 / 50 / 57 / 65,"9,900","12,300","12,800","13,500",,인상 26/1/19,
(1)800실5001GR,◈실린더 5001 GR (핀/실버),철물부자재,재고,8200 별도<br>20 / 50 / 57 / 65,"9,900","12,300","12,800","13,500",,인상 26/1/6,
(1)800실5001WT,◈실린더 5001 WT (핀/화이트),철물부자재,재고,8200 별도<br>20 / 50 / 57 / 65,"9,900","12,300","12,800","13,500",,인상 26/1/19,
(1)800실5100GR,◈실린더 5100 GR (키/실버) KEY,철물부자재,재고,8700 별도<br>20 / 50 / 57 / 65,"10,500","13,000","13,700","14,500",,인상 26/1/19,
(1)800실5101GR,◈실린더 5101 GR (핀/실버),철물부자재,재고,8200 별도<br>20 / 50 / 57 / 65,"9,900","12,300","12,800","13,500",,인상 26/1/19,
(1)800실6401GR,◈실린더 6401 GR (핀/실버),철물부자재,재고,"8500 별도
20 / 50 / 57 / 65","10,200","12,800","13,400","14,000",,인상 26/1/19,
(1)800실리B1투명,◈바이오실리콘(곰팡이 방지) 투명○,철물부자재,재고,,"2,700","3,200","3,500","3,600",,인하 24/2/13,
(1)800실리B반투명,◈바이오실리콘(곰팡이 방지) 반투명◑,철물부자재,재고,,"2,700","3,200","3,500","3,600",,인하 24/2/13,
(1)800실리B백색,◈바이오실리콘(곰팡이 방지) 백색,철물부자재,재고,,"2,700","3,200","3,500","3,600",,인하 24/2/13,
(1)800실리C백색,◈아크씰 백색 (수용성/건축용/도장가능),철물부자재,재고,,"1,300","1,600","1,700","1,800",,조정 24/11/8,
(1)800실리골드,◈실리콘 골드 (금색),철물부자재,재고,,"2,000","2,300","2,500","2,600",,인하 24/3/19,
(1)800실리밤색,◈실리콘 밤색,철물부자재,재고,,"1,700","2,000","2,200","2,400",,인하 24/3/19,
(1)800실리아이보리,◈실리콘 아이보리,철물부자재,재고,,"1,700","2,000","2,200","2,400",,인하 24/3/19,
(1)800실리우드,◈실리콘 우드,철물부자재,재고,,"1,700","2,000","2,200","2,400",,인하 24/3/19,
(1)800실리체리,◈실리콘 체리,철물부자재,재고,,"1,700","2,000","2,200","2,400",,인하 24/3/19,
(1)800실리콘건,◈실리콘 건,철물부자재,재고,"3500 별도
20 / 40 / 50 / 60","4,200","5,000","5,300","5,500",,인상 26/2/6,실사 24/12/23
(1)800실리회색,◈실리콘 회색,철물부자재,재고,,"1,700","2,000","2,200","2,400",,인하 24/3/19,
(1)800실리흑색,◈실리콘 흑색,철물부자재,재고,,"1,700","2,000","2,200","2,400",,인하 24/3/19,
(1)800실타615,◈실타카핀 615,철물부자재,재고,,"4,500","5,600","5,900","6,300",,조정 24/2/14,
(1)800실타618,◈실타카핀 618,철물부자재,재고,,"4,500","5,600","5,900","6,300",,조정 24/2/14,
(1)800실타625,◈실타카핀 625,철물부자재,재고,,"4,800","6,000","6,400","6,700",,조정 24/2/14,실사 24/12/23
(1)800실타630,◈실타카핀 630,철물부자재,재고,,"5,500","6,700","7,100","7,500",,조정 24/2/14,
(1)800쓰레받,◈PVC 쓰레받이,철물부자재,재고,,"8,000","9,000","10,000","10,900",,,실사 25/7/17
(1)800씽크경유15,◈씽크경첩 (15T / ★유압) OUT,철물부자재,재고,,"1,500","1,800","2,100","2,300",,,
(1)800씽크경유18,◈씽크경첩 (18T / ★유압),철물부자재,재고,,"1,500","1,800","2,100","2,300",,,
(1)800씽크경일15,◈씽크경첩 (15T / 일반),철물부자재,재고,,"1,000","1,200","1,500","1,700",,,
(1)800씽크경일18,◈씽크경첩 (18T / 일반),철물부자재,재고,,"1,000","1,200","1,500","1,700",,,
(1)800씽크경피스,◈씽크경첩피스 (4.0*16),철물부자재,재고,,20,20,30,30,,,
(1)800아연피스25,◈아연피스 25mm (목재용/1000개),철물부자재,재고,,"7,400","9,100","9,700","10,300",,조정 24/6/8,
(1)800아연피스32,◈아연피스 32mm (목재용/1000개),철물부자재,재고,,"7,700","9,700","10,300","10,900",,조정 24/6/8,
(1)800아연피스38,◈아연피스 38mm (목재용/500개),철물부자재,재고,,"4,500","5,500","5,900","6,400",,조정 24/6/8,
(1)800아연피스50,◈아연피스 50mm (목재용/500개),철물부자재,재고,,"6,500","7,800","8,400","8,900",,조정 24/6/8,
(1)800아연피스65,◈아연피스 65mm (목재용/300개),철물부자재,재고,,"6,600","8,200","8,700","9,100",,조정 24/6/8,
(1)800아연피스75,◈아연피스 75mm (목재용/300개),철물부자재,재고,,"8,200","10,200","10,900","11,400",,조정 24/6/8,
(1)800아연피스90,◈아연피스 90mm (목재용/200개),철물부자재,재고,,"9,400","11,600","12,300","13,200",,조정 24/6/8,
(1)800액자레일2,◈액자레일-백색 (2M),철물부자재,재고,"4700 별도
15 / 30 / 50 / 70","5,500","6,000","7,000","8,000",,,실사 24/12/23
(1)800에어건,◈에어건 [자석] ☞(총)☞,철물부자재,재고,,"5,900","7,300","8,200","8,600",,조정 24/1/18,실사 24/12/23
(1)800엘가이드,◈행가레일 엘가이드,철물부자재,재고,,"4,000","5,000","5,500","5,900",,,
(1)800오메가12,◈오메가레일 12자,철물부자재,재고,,"11,400","12,300","12,700",,,,
(1)800오메가7,◈오메가레일 7자,철물부자재,재고,,"6,600","7,100","7,300",,,,
(1)800오메가8,◈오메가레일 8자,철물부자재,재고,,"7,700","8,200","8,400",,,,
(1)800오메가9,◈오메가레일 9자,철물부자재,재고,,"8,600","9,400","9,500",,,,
(1)800오목손사각,◈오목이 사각 니켈 [매립형 손잡이],철물부자재,재고,,"2,200","2,400","2,700","2,700",,조정 24/10/11,
(1)800오목손은,◈오목손잡이(은색),철물부자재,재고,,"1,800","2,000","2,300","2,300",,,
(1)800오목손타원,◈오목이 타원형 실버 [매립형 손잡이],철물부자재,재고,,"2,200","2,400","2,700","2,700",,조정 24/10/11,
(1)800오일116투명,◈오일스텐 16L [말통] (투명)○○,철물부자재,재고,,"71,800","81,800","83,600","86,400",,조정 24/2/6,
(1)800오일135투명,◈오일스텐 3.5L (투명)○○,철물부자재,재고,,"18,200","22,000","23,200","24,100",,조정 24/2/13,
(1)800오일16도토리,◈오일스텐 16L [말통] (도토리),철물부자재,재고,,"71,800","81,800","83,600","86,400",,조정 24/2/6,
(1)800오일16밤색,◈오일스텐 16L [말통] (밤색),철물부자재,재고,,"71,800","81,800","83,600","86,400",,조정 24/2/6,실사 24/12/23
(1)800오일16월넛,◈오일스텐 16L [말통] (월넛),철물부자재,재고,,"71,800","81,800","83,600","86,400",,조정 24/2/6,
(1)800오일16코코넛,◈오일스텐 16L [말통] (코코넛),철물부자재,재고,,"71,800","81,800","83,600","86,400",,조정 24/2/6,
(1)800오일16티크,◈오일스텐 16L [말통] (티크),철물부자재,재고,,"71,800","81,800","83,600","86,400",,조정 24/2/6,
(1)800오일16흑단,◈오일스텐 16L [말통] (흑단),철물부자재,재고,,"71,800","81,800","83,600","86,400",,조정 24/2/6,실사 24/12/23
(1)800오일16흑색,◈오일스텐 16L [말통] (흑색),철물부자재,재고,,"71,800","81,800","83,600","86,400",,조정 24/2/6,
(1)800오일35다크오렌,◈오일스텐 3.5L (다크오렌지),철물부자재,재고,,"18,200","22,000","23,200","24,100",,조정 24/2/13,
(1)800오일35도토리,◈오일스텐 3.5L (도토리),철물부자재,재고,,"18,200","22,000","23,200","24,100",,조정 24/2/13,
(1)800오일35레드와인,◈오일스텐 3.5L (레드와인),철물부자재,재고,,"18,200","22,000","23,200","24,100",,조정 24/2/13,
(1)800오일35마호가니,◈오일스텐 3.5L (마호가니),철물부자재,재고,,"18,200","22,000","23,200","24,100",,조정 24/2/13,
(1)800오일35밝은오크,◈오일스텐 3.5L (밝은오크),철물부자재,재고,,"18,200","22,000","23,200","24,100",,조정 24/2/13,
(1)800오일35밤색,◈오일스텐 3.5L (밤색),철물부자재,재고,,"18,200","22,000","23,200","24,100",,조정 24/2/13,
(1)800오일35살구색,◈오일스텐 3.5L (살구색),철물부자재,재고,,"18,200","22,000","23,200","24,100",,조정 24/2/13,
(1)800오일35연녹색,◈오일스텐 3.5L (연녹색),철물부자재,재고,,"18,200","22,000","23,200","24,100",,조정 24/2/13,
(1)800오일35연밤색,◈오일스텐 3.5L (연밤색),철물부자재,재고,,"18,200","22,000","23,200","24,100",,조정 24/2/13,
(1)800오일35월넛,◈오일스텐 3.5L (월넛),철물부자재,재고,,"18,200","22,000","23,200","24,100",,조정 24/2/13,
(1)800오일35자단,◈오일스텐 3.5L (자단),철물부자재,재고,,"18,200","22,000","23,200","24,100",,조정 24/2/13,
(1)800오일35참나무,◈오일스텐 3.5L (참나무),철물부자재,재고,,"18,200","22,000","23,200","24,100",,조정 24/2/13,
(1)800오일35체리,◈오일스텐 3.5L (체리),철물부자재,재고,,"18,200","22,000","23,200","24,100",,조정 24/2/13,
(1)800오일35코코넛,◈오일스텐 3.5L (코코넛),철물부자재,재고,,"18,200","22,000","23,200","24,100",,조정 24/2/13,
(1)800오일35티크,◈오일스텐 3.5L (티크),철물부자재,재고,,"18,200","22,000","23,200","24,100",,조정 24/2/13,
(1)800오일35화이트,◈오일스텐 3.5L (화이트),철물부자재,재고,,"18,200","22,000","23,200","24,100",,조정 24/2/13,
(1)800오일35황색,◈오일스텐 3.5L (황색),철물부자재,재고,,"18,200","22,000","23,200","24,100",,조정 24/2/13,
(1)800오일35흑단,◈오일스텐 3.5L (흑단),철물부자재,재고,,"18,200","22,000","23,200","24,100",,조정 24/2/13,
(1)800오일35흑색,◈오일스텐 3.5L (흑색),철물부자재,재고,,"18,200","22,000","23,200","24,100",,조정 24/2/13,
(1)800윙스25,◈윙스크류 25mm (양날/접시/500개),철물부자재,재고,,"8,500","10,500","10,900","11,400",,조정 24/12/23,실사 24/12/04
(1)800윙스252,◈윙스크류 25mm (양날/접시/★1000개!!),철물부자재,재고,,"18,200","22,700","23,600","25,000",,조정 24/12/23,실사 24/12/04
(1)800윙스32,◈윙스크류 32mm (양날/접시/500개),철물부자재,재고,,"9,200","11,400","11,800","12,300",,조정 24/12/23,실사 24/12/04
(1)800윙스38,◈윙스크류 38mm (양날/접시/500개),철물부자재,재고,,"10,900","12,700","13,800","14,500",,조정 24/12/23,실사 24/12/04
(1)800윙스45,◈윙스크류 45mm (양날/접시/500개),철물부자재,재고,,"13,800","17,100","17,700","18,600",,조정 24/6/17,실사 24/12/04
(1)800윙스55,◈윙스크류 55mm (양날/접시/300개),철물부자재,재고,,"9,100","11,400","11,800","12,300",,조정 24/6/17,실사 24/12/04
(1)800유리다보,◈유리다보 (판매용),철물부자재,재고,,,,,,,,
(1)800자유경3,◈자유경첩 3인치 [1조],철물부자재,재고,,"17,600","19,400","20,900","21,800",,,
(1)800자유경4,◈자유경첩 4인치 [1조],철물부자재,재고,,"18,600","20,500","22,300","23,200",,,
(1)800장갑1코팅R,◈코팅장갑(RED) 1타(10개묶음),철물부자재,재고,,"2,300","2,900","3,100","3,400",,조정 24/10/19,실사 24/12/23
(1)800장갑기능대,◈기능성장갑 (대),철물부자재,재고,,"1,600","1,800","2,300","2,300",,,
(1)800장갑기능소,◈기능성장갑 (소),철물부자재,재고,,"1,600","1,800","2,300","2,300",,,
(1)800장갑기능중,◈기능성장갑 (중),철물부자재,재고,,"1,600","1,800","2,300","2,300",,,
(1)800점검300,◈점검구[자동] 300*300,철물부자재,재고,,"7,700","9,000","9,300","9,800",,인상 24/6/1,
(1)800점검400,◈점검구[자동] 400*400,철물부자재,재고,,"8,000","9,400","9,600","10,200",,인상 24/7/2,
(1)800점검450,◈점검구[자동] 450*450 ★,철물부자재,재고,,"8,200","9,500","9,800","10,500",,인상 24/5/31,실사 25/12/23
(1)800점검600,◈점검구[자동] 600*600,철물부자재,재고,,"11,100","12,700","13,200","14,100",,인상 24/9/19,
(1)800점검AL600,◈AL 점검구[백색도장] 600*600,철물부자재,재고,,"12,000","13,600","14,100","15,000",,일시 24/3/21,
(1)800점검PVC300,◈PVC 점검구 300*300 밀폐형,철물부자재,재고,,"7,700","9,000","9,300","9,800",,조정 24/6/6,
(1)800점검PVC400,◈PVC 점검구 400*400 밀폐형,철물부자재,재고,,"8,000","9,400","9,600","10,200",,인상 24/2/27,
(1)800점검PVC450,◈PVC 점검구 450*450 밀폐형,철물부자재,재고,,"8,200","9,500","9,800","10,500",,인상 24/11/1,
(1)800점검PVC600,◈PVC 점검구 600*600 밀폐형,철물부자재,재고,,"11,100","12,700","13,200","14,100",,신규 24/5/3,
(1)800접시13,◈접시머리 양날피스 13mm(1000개),철물부자재,재고,,"5,000","6,400","6,800","7,300",,조정 24/3/22,
(1)800접시25,◈접시머리 양날피스 25mm(500개),철물부자재,재고,,"6,500","8,200","8,700","9,300",,조정 24/3/22,
(1)800접시32,◈접시머리 양날피스 32mm(500개),철물부자재,재고,,"7,900","9,800","10,500","11,200",,조정 24/3/22,실사 25/12/23
(1)800접시38,◈접시머리 양날피스 38mm(500개),철물부자재,재고,,"9,000","10,900","11,800","12,500",,조정 24/3/22,
(1)800접착205,◈205 본드 (오공 / 목공용),철물부자재,재고,,"1,700","2,000","2,100","2,200",,조정 24/8/3,실사 25/12/23
(1)800접착777,◈강력 스프레이 접착제 777,철물부자재,재고,,"5,300","6,000","6,400","6,800",,조정 24/6/16,실사 25/4/29
(1)800접착G1원,◈[원평] G1 본드 (18L),철물부자재,재고,,"43,600","47,300","51,400","52,300",,인상 24/11/26,
(1)800접착G2원,◈[원평] G2 본드 (10KG),철물부자재,재고,,"18,600","20,000","21,800","22,300",,인하 24/4/19,
(1)800접착G3원,◈[원평] G3플러스 (몰타론7000/15KG),철물부자재,재고,,"54,500","58,200","61,800","62,700",,인하 24/11/26,
(1)800접착아이소,◈아이소핑크 접착제 (스티로폼용),철물부자재,재고,,"3,300","3,600","3,900","4,100",,조정 24/8/23,
(1)800접착에폭4,◈에폭시 (석재용 접착제) 4+4KG [소],철물부자재,재고,,"25,000","28,200","30,000","31,800",,인상 24/11/10,
(1)800접착에폭A10,◈에폭시 (석재용 접착제) 10+10KG [대],철물부자재,재고,,"47,300","53,200","57,300","60,900",,검토 24/11/10,
(1)800접착프라1,◈수성 프라이머(필름 접착제) (1KG) 소,철물부자재,재고,,"8,200","9,100","10,000","10,900",,검토 24/6/6,
(1)800접착프라3,◈수성 프라이머(필름 접착제) (3KG) 대,철물부자재,재고,,"20,000","21,800","23,000","23,600",,조정 24/11/26,
(1)800줄자55국,◈줄자 [국산] 5.5M,철물부자재,재고,,"3,000","3,600","3,800","4,100",,,실사 25/12/23
(1)800줄자55세,◈줄자[세신/국산] 5.5M,철물부자재,재고,,"3,200","3,600","3,800","3,900",,조정 24/12/23,실사 25/12/23
(1)800줄자55타,◈줄자 [타지마/고급 일본산] 5.5M,철물부자재,재고,,"19,200","20,700","21,700","22,300",,조정 24/12/20,
(1)800줄자75타,◈줄자 [타지마/고급 일본산] 7.5M,철물부자재,재고,,"23,200","25,000","26,300","27,300",,조정 24/12/20,
(1)800철기리30,◈철기리 [10 PCS/각]● 3.0MM,철물부자재,재고,,"11,800","14,100","15,000","15,900",,조정 24/3/30,
(1)800철기리32,◈철기리 [10 PCS/각]● 3.2MM,철물부자재,재고,,"11,800","14,100","15,000","15,900",,조정 24/3/30,
(1)800철기리33,◈철기리 [10 PCS/각]● 3.3MM,철물부자재,재고,,"11,800","14,100","15,000","15,900",,조정 24/3/30,
(1)800총1850A,◈제일타카 1850A ☞(타카총)☞,철물부자재,재고,,"100,000","106,500","109,100","111,800",,조정 24/6/16,
(1)800총630R,◈제일타카 630R ☞(타카총)☞,철물부자재,재고,,"110,900","118,200","120,900","123,600",,조정 24/6/17,
(1)800총BN1664,◈제일타카 BN 16/64 ☞(타카총)☞,철물부자재,재고,,"110,900","118,200","120,900","123,600",,조정 24/6/17,실사 25/12/23
(1)800총CT64,◈제일타카 CT64RS ☞(총)☞,철물부자재,재고,,"136,400","145,500","149,100","152,700",,조정 24/6/17,
(1)800총F30,◈제일타카 F30 ☞(타카총)☞,철물부자재,재고,,"58,000","61,800","63,200","64,500",,조정 24/6/17,
(1)800칼브럭625,◈칼브럭 (6*25) 60mm,철물부자재,재고,,"4,500","5,000","5,500","5,600",,,실사 25/4/7
(1)800칼브럭640,◈칼브럭 (6*40) 70mm,철물부자재,재고,,"6,000","6,600","7,300","7,400",,,실사 25/4/7
(1)800칼브럭812,◈칼브럭 (8*12) 50mm,철물부자재,재고,,"5,700","6,300","6,800","6,900",,,실사 25/4/7
(1)800칼브럭890,◈칼브럭 (8*90) 90mm,철물부자재,재고,,"9,500","10,500","11,200","11,400",,,실사 25/4/7
(1)800캇타칼,◈캇타칼 (일반),철물부자재,재고,"1100 별도
20 / 40 / 60 / 60","1,400","1,600","1,800","1,800",,조정 24/11/27,
(1)800캇타칼고급,◈캇타칼 (★고급 전문가용/일제),철물부자재,재고,"6600 별도
16 / 28 / 35 / 35","7,700","8,500","9,000","9,000",,신규 25/12/16,
(1)800캇타칼날,◈캇타칼날 (10 PCS),철물부자재,재고,,"1,600","1,800","2,000","2,000",,인상 24/10/25,
(1)800콩피스816,◈와셔붙이/양날(콩피스) (8*16) 1000PS,철물부자재,재고,,,,,,,,
(1)800타카1022J,◈1022J (목공용 ㄷ자 타카핀),철물부자재,재고,,"5,000","6,600","6,800","7,300",,조정 24/2/11,
(1)800타카1ST18,◈ST18 [콘크리트용],철물부자재,재고,,"3,900","4,600","4,900","5,200",,조정 24/2/11,실사 25/12/23
(1)800타카1ST25,◈ST25 [콘크리트용],철물부자재,재고,,"4,600","5,600","5,900","6,300",,조정 24/2/11,실사 25/12/23
(1)800타카1ST32,◈ST32 [콘크리트용],철물부자재,재고,,"5,500","6,500","7,000","7,500",,조정 24/2/11,실사 25/12/23
(1)800타카1ST38,◈ST38 [콘크리트용],철물부자재,재고,,"3,500","4,200","4,500","4,700",,조정 24/2/11,실사 25/12/23
(1)800타카1ST45,◈ST45 [콘크리트용],철물부자재,재고,,"4,000","4,500","5,000","5,300",,조정 24/2/11,실사 25/12/23
(1)800타카1ST50,◈ST50 [콘크리트용],철물부자재,재고,,"4,500","5,500","5,700","6,000",,조정 24/2/11,
(1)800타카1ST57,◈ST57 [콘크리트용],철물부자재,재고,,"5,400","6,600","7,000","7,500",,조정 24/2/11,
(1)800타카1ST64,◈ST64 [콘크리트용],철물부자재,재고,,"5,500","6,500","7,000","7,500",,조정 24/2/11,
(1)800타카416J,◈416J (목공용 ㄷ자 타카핀),철물부자재,재고,,"3,400","4,500","4,700","4,900",,조정 24/2/11,
(1)800타카419J,◈419J (목공용 ㄷ자 타카핀),철물부자재,재고,,"3,400","4,400","4,500","4,800",,조정 24/2/11,
(1)800타카DT50,◈DT50 [목재용],철물부자재,재고,,"10,600","12,500","13,200","13,800",,조정 24/2/11,실사 25/12/23
(1)800타카DT64,◈DT64 [목재용],철물부자재,재고,,"11,400","13,200","13,900","14,800",,조정 24/7/6,실사 25/12/23
(1)800타카F15,◈핀F15,철물부자재,재고,,"3,100","3,600","4,000","4,400",,인하 24/11/29,
(1)800타카F20,◈핀F20,철물부자재,재고,,"3,500","4,100","4,500","4,800",,인하 24/11/29,
(1)800타카F25,◈핀F25,철물부자재,재고,,"3,700","4,500","4,900","5,200",,조정 24/2/25,
(1)800타카F30,◈핀F30,철물부자재,재고,,"3,100","3,600","4,100","4,400",,인하 24/11/29,실사 25/12/23
(1)800타카F40,◈핀F40,철물부자재,재고,,"6,300","7,500","8,200","8,800",,인하 24/11/29,
(1)800타카F50,◈핀F50,철물부자재,재고,,"7,100","8,500","9,300","10,000",,인하 24/4/12,실사 25/12/23
(1)800타카FST15,◈FST15 [얇은 콘크리트용],철물부자재,재고,,"6,500","8,400","8,700","9,100",,조정 24/2/11,
(1)800타카FST18,◈FST18 [얇은 콘크리트용],철물부자재,재고,,"6,800","8,600","9,100","9,500",,조정 24/2/11,
(1)800타카FST25,◈FST25 [얇은 콘크리트용],철물부자재,재고,,"7,500","9,500","10,200","10,500",,조정 24/2/11,
(1)800타카FST30,◈FST30 [얇은 콘크리트용],철물부자재,재고,,,,,,,,
(1)800타카JST18,◈JST18[콘크리트용/테이프마감](=LST18),철물부자재,재고,,"5,300","6,700","7,100","7,500",,인상 24/6/24,
(1)800타카JST25,◈JST25[콘크리트용/테이프마감](=LST25),철물부자재,재고,,"5,800","7,300","7,700","8,000",,인상 24/6/26,
(1)800타카JST32,◈JST32[콘크리트용/테이프마감](=LST32),철물부자재,재고,,"6,900","8,800","9,400","9,700",,조정 24/6/26,
(1)800타카JST38,◈JST38[콘크리트용/테이프마감](=LST38),철물부자재,재고,,"4,100","5,100","5,500","5,600",,조정 24/6/26,실사 25/12/23
(1)800타카JST45,◈JST45[콘크리트용/테이프마감](=LST45),철물부자재,재고,,"4,500","5,700","6,100","6,400",,조정 24/6/26,실사 25/12/23
(1)800타카JST50,◈JST50[콘크리트용/테이프마감](=LST50),철물부자재,재고,,"5,300","6,700","7,100","7,400",,인상 24/6/26,
(1)800타카JST64,◈JST64[콘크리트용/테이프마감](=LST64),철물부자재,재고,,"6,700","8,500","9,100","9,500",,인상 24/6/26,
(1)800타카T50,◈T50 (=C50) (티),철물부자재,재고,,"10,300","11,800","12,500","13,200",,조정 24/11/29,실사 25/12/23
(1)800타카T57,◈T57 (=C57) (티),철물부자재,재고,,"10,000","11,500","12,300","13,000",,조정 24/11/29,
(1)800타카T64,◈T64 (=C64) (티),철물부자재,재고,,"11,800","13,500","14,500","15,500",,조정 24/11/29,
(1)800테잎25은,◈은박테이프 (단열재 전용) 25M (소),철물부자재,재고,,"1,400","1,800","1,800","2,000",,,
(1)800테잎50은,◈은박테이프 (단열재 전용) 50M (대)★,철물부자재,재고,,"2,300","2,700","2,700","3,200",,인상 24/5/9,
(1)800테잎마스대,◈마스킹테이프 (대) 50mm*40M,철물부자재,재고,,"2,500","3,000","3,200","3,500",,조정 24/8/8,
(1)800테잎마스소,◈마스킹테이프 (소) 25mm*40M,철물부자재,재고,,"1,400","1,600","1,800","2,000",,조정 24/8/8,
(1)800테잎박스,◈테이프(OPP 박스테이프),철물부자재,재고,,"1,400","1,700","1,800","1,800",,,
(1)800테잎청,◈테이프(청테이프),철물부자재,재고,,900,"1,100","1,200","1,300",,조정 24/12/5,실사 25/12/23
(1)800테잎커버2000,◈커버링테이프 (중) 2000mm*20M,철물부자재,재고,,"3,600","4,000","4,500","4,800",,조정 24/4/12,
(1)800테잎커버2700,◈커버링테이프 (대) 2700mm*20M,철물부자재,재고,,"5,300","5,900","6,500","7,000",,인상 24/4/12,
(1)800테잎커버900,◈커버링테이프 (소) 900mm*20M,철물부자재,재고,,"2,000","2,200","2,400","2,500",,인상 24/4/12,
(1)800테잎플로,◈우벤테이프 ★(플로베니아/골판지 용),철물부자재,재고,"2300 별도
25 / 50 / 60 / 70","2,900","3,500","3,700","4,000",,인상 25/7/18,실사 25/12/23
(1)800텐텐지,◈텐텐지 (건축용 보양재) 1.8M*85M,철물부자재,재고,,"26,400","27,300","30,900","31,800",,조정 24/11/27,
(1)800톱날265대,◈톱날 265mm (국산/대건) [1봉(3개입)],철물부자재,재고,,"9,700","11,400","12,000","12,700",,조정 24/5/30,
(1)800톱날300대,◈톱날 300mm (국산/대건) [1봉(3개입)],철물부자재,재고,,"10,500","12,300","12,700","13,600",,조정 24/5/30,
(1)800톱날330대,◈톱날 330mm (국산/대건) [1봉(3개입)],철물부자재,재고,,"10,500","12,300","12,700","13,600",,조정 24/5/30,
(1)800톱날A265타,◈톱날 265mm (일제/타지마)[1봉(3개입)],철물부자재,재고,"15000 별도
13 / 28 / 35 / 40","17,000","19,200","20,000","21,000",,조정 25/8/12,
(1)800톱날A300타,◈톱날 300mm (일제/타지마)[1봉(3개입)],철물부자재,재고,17100 별도<br>13 / 28 / 35 / 40,"19,400","22,000","23,000","24,000",,조정 25/8/12,
(1)800톱날A330타,◈톱날 330mm (일제/타지마)[1봉(3개입)],철물부자재,재고,17100 별도<br>13 / 28 / 35 / 40,"19,400","22,000","23,000","24,000",,조정 25/8/12,
(1)800톱대,◈톱대 (손잡이) 권총형,철물부자재,재고,,"3,600","4,100","4,500","4,500",,조정 24/6/17,
(1)800퍼티20,◈마스터 퍼티 (내부용/20KG) 大,철물부자재,재고,,"12,500","15,300","16,400","17,300",,조정 24/2/25,
(1)800퍼티5,◈마스터 퍼티 (내부용/5KG) 小,철물부자재,재고,,"5,300","6,500","6,800","7,300",,조정 24/2/25,
(1)800평붓2,◈평붓 2인치,철물부자재,재고,,600,800,900,"1,100",,조정 24/9/21,실사 25/12/23
(1)800평붓3,◈평붓 3인치,철물부자재,재고,,"1,000","1,300","1,500","1,600",,조정 24/9/21,
(1)800평붓4,◈평붓 4인치,철물부자재,재고,,"1,200","1,500","1,700","1,800",,조정 24/9/21,
(1)800평붓5,◈평붓 5인치,철물부자재,재고,,"1,400","1,800","2,000","2,300",,조정 24/9/21,
(1)800플로3,◈플로베니아 (PVC보양재) 3T*900*1800,철물부자재,재고,,"2,000","2,200","2,400","2,500",,조정 24/4/12,
(1)800피스다보,◈피스다보 (판매용),철물부자재,재고,,120,200,200,200,,,
(1)800피스톤630,◈피스톤 - 630,철물부자재,재고,,"5,900","7,000","7,700","7,700",,인상 23/9/6,
(1)800피스톤CT64,◈피스톤 - CT64N,철물부자재,재고,,"17,300","20,000","21,800","21,800",,인상 23/9/6,
(1)800피스톤F30,◈피스톤 - F30,철물부자재,재고,,"3,200","4,000","4,500","4,500",,조정 23/9/6,
(1)800하폼건월드1,◈월드폼[좋은폼] ☞(건용폼 / 우레탄폼)☞,철물부자재,재고,"2300 별도
30 / 70 / 75 / 80","3,000","4,000","4,100","4,200",,인상 25/8/26,실사 25/12/23
(1)800하폼건월드2,◈월드폼본드 B2 (접착용 / 건용),철물부자재,재고,"4500 별도
30 / 45 / 55 / 65","5,900","6,600","7,000","7,500",,신규 25/4/23,실사 25/12/23
(1)800하폼건월드3,◈스프레이폼 (월드폼/ 단열폼 / 건용),철물부자재,재고,"5800 별도
20 / 35 / 45 / 55","7,000","7,900","8,500","9,000",,신규 25/4/28,실사 25/12/23
(1)800하폼건월드4,◈스피드폼 (월드폼/ 건용),철물부자재,재고,"5100 별도
20 / 35 / 45 / 55","6,200","6,900","7,400","8,000",,신규 25/4/28,실사 25/12/23
(1)800하폼건월드5,◈티탄 방화폼 B1 (월드폼),철물부자재,재고,"8100 별도
18 / 30 / 40 / 50","9,600","10,500","11,500","12,000",,조정 26/2/9,실사 25/12/31
(1)800하폼건월드8,◈[일회용폼!!] 월드폼[좋은폼] (우레탄폼),철물부자재,재고,"2300 별도
30 / 70 / 75 / 80","3,000","4,000","4,100","4,200",,인상 25/9/12,실사 25/12/23
(1)800하폼건월드9,◈☞폼건☜ 월드폼 251 (우레탄폼건),철물부자재,재고,"8000 별도
35 / 60 / 70 / 80","10,800","12,800","13,500","14,500",,신규 25/4/28,실사 25/4/29
(1)800하폼크리너,◈폼 크리너 (폼건 세척제),철물부자재,재고,,"3,200","3,800","4,200","4,500",,조정 24/10/7,실사 25/4/29
(1)800핫멜트1심,◈핫멜트 심 (접착제/1봉 25개),철물부자재,재고,,"4,400","4,900","5,200","5,400",,조정 24/10/31,
(1)800핫멜트건,◈핫멜트 건 ☞(고급 총)☞,철물부자재,재고,,"15,300","17,000","18,200","18,600",,조정 24/8/24,
(1)800핫팩,◈핫팩 [대형 160g],철물부자재,재고,,650,700,800,800,,신규 25/12/8,
(1)800행가노출2,◈노출형행가 (노출형/흑색/양댐퍼) 2M,철물부자재,재고,,"120,000","140,000","150,000","154,500",,,
(1)800행가레일2,◈행가레일(사륜용) 2M (32*32),철물부자재,재고,,"16,000","19,500","20,000","21,000",,,
(1)800행가양댐30,◈반자동행가 로라셋트(양댐퍼) N30 [도어폭700이상],철물부자재,재고,"24500 별도
20 / 30 / 45 / 60","29,500","32,000","36,000","39,000",,인하 25/3/19,실사 25/12/23
(1)800행가양댐50,◈반자동행가 로라셋트(양댐퍼) N50 [도어폭900이상],철물부자재,재고,"34000 별도
20 / 30 / 45 / 60","40,700","44,000","49,000","54,000",,인상 26/2/3,
(1)800행가양댐80,◈반자동행가 로라셋트(양댐퍼) N80 [도어폭900이상],철물부자재,재고,"36850 별도
20 / 30 / 45 / 60","44,500","48,000","54,000","59,000",,인하 25/3/19,
(1)800행가하부촉,◈행가레일(사륜) 아연가이드(하부촉),철물부자재,재고,,"1,800","2,300","2,700","2,700",,,
(1)800헤라대,◈실리콘마감용 헤라 (대),철물부자재,재고,,"1,400","1,800","2,000","2,200",,조정 24/3/19,
(1)800헤라소,◈실리콘마감용 헤라 (소),철물부자재,재고,,"1,400","1,800","2,000","2,200",,조정 24/3/19,
(1)800헤라중,◈실리콘마감용 헤라 (중),철물부자재,재고,,"1,400","1,800","2,000","2,200",,조정 24/3/19,
(1)800호스10,◈파워호스 ∮8.0 [10 미터],철물부자재,재고,,"10,600","12,300","12,700","13,600",,인상 24/1/29,
(1)800호스20,◈파워호스 ∮8.0 [20 미터],철물부자재,재고,,"16,200","18,800","19,500","20,500",,인상 24/1/29,
(1)800호스30,◈파워호스 ∮8.0 [30 미터],철물부자재,재고,,"23,200","27,000","27,700","29,500",,인상 24/1/29,
(1)800호차30,◈오메가 호차(30mm),철물부자재,재고,,"1,600","1,900","2,100","2,200",,,
(1)A100뉴송11317,◈뉴송 39*51*3600(1.3*1.7) 폼다루끼 [단],뉴송,재고,"1140 별도 / 15116 별도/단
12 / 22 / 26 / 30","17,000","18,500","19,000","19,600",,인상 26/3/4,실사 25/12/23
(1)A100뉴송21727,◈뉴송 51*81*3600(1.7*2.7) 정재투바이,뉴송,재고,"1130 별도 / 5187 별도/개
13 / 25 / 30 / 34","5,900","6,500","6,800","7,000",,인상 26/3/4,실사 25/12/23
(1)A100뉴송32727,◈뉴송 81*81*3600(2.7*2.7) 산승각,뉴송,재고,"1110 별도 / 8092 별도/개
13 / 25 / 30 / 34","9,200","10,200","10,600","10,800",,인상 26/3/4,실사 25/12/23
2026/03/06  오후 5:45:36,,,,,,,,,,,