상품명,상품코드,옵션 스타일,옵션 추가금액,옵션 표시방식,옵션사용,옵션세트명,자체 품목코드,품목명,품목코드,,이카운트_2단가
골판지 종이 보양지 (40m/1롤),P0000CTS,,0,S,Y,,(1)800플로3,풀로베니아(플라스틱) 보양재 3T x 900 x 1800,P0000CTS000A,,2200.0000000000
골판지 종이 보양지 (40m/1롤),P0000CTS,,0,S,Y,,(1)800골판지,종이 롤보양재 3T x 1100 x 40M,P0000CTS000B,,20000.0000000000
월드폼월드 251건,P0000CTN,,0,S,Y,,(1)800하폼건월드9,월드폼 월드 251건,P0000CTN000B,,12800.0000000000
월드폼티탄 B1 난연폼,P0000CTM,,0,S,Y,,(1)800하폼건월드5,월드폼 티탄 B1 난연폼,P0000CTM000B,,10500.0000000000
월드폼월드폼 전용 크리너,P0000CTL,,0,S,Y,,(1)800하폼크리너,월드폼 월드폼 전용 크리너,P0000CTL000B,,3800.0000000000
월드폼좋은폼 (1회용/빨대형),P0000CTK,,0,S,Y,,(1)800하폼건월드8,월드폼 좋은폼 (1회용/빨대형),P0000CTK000B,,4000.0000000000
월드폼스프레이폼 건타입,P0000CSB,,0,S,Y,,(1)800하폼건월드3,월드폼 스프레이폼 건타입,P0000CSB000B,,7900.0000000000
월드폼스피드폼 건타입,P0000CSA,,0,S,Y,,(1)800하폼건월드4,월드폼 스피드폼 건타입,P0000CSA000B,,6900.0000000000
월드폼좋은폼 건타입,P0000CRZ,,0,S,Y,,(1)800하폼건월드1,월드폼 좋은폼 건타입,P0000CRZ000B,,4000.0000000000
월드폼폼본드(난연/B2) 건타입,P0000CRY,,0,S,Y,,(1)800하폼건월드2,월드폼 폼본드(난연/B2) 건타입,P0000CRY000E,,6600.0000000000
프리미엄 단열재 PF보드LX지인,P0000CHJ,,18150,S,Y,,(1)600LXPF301800N,30T x 1000 x 1800,P0000CHJ000A,,15000.0000000000
프리미엄 단열재 PF보드LX지인,P0000CHJ,,26400,S,Y,,(1)600LXPF501800N,50T x 1000 x 1800,P0000CHJ000B,,22000.0000000000
프리미엄 단열재 PF보드LX지인,P0000CHJ,,47300,S,Y,,(1)600LXPF901800N,90T x 1000 x 1800,P0000CHJ000C,,39000.0000000000
단열재 GCS보드,P0000CHH,,0,S,Y,,(2)600대성GCS13,13T x 900 x 2400,P0000CHH000A,,
단열재 GCS보드,P0000CHH,,0,S,Y,,(2)600대성GCS21,21T x 900 x 2400,P0000CHH000B,,
단열재 GCS보드,P0000CHH,,0,S,Y,,(2)600대성GCS33,33T x 900 x 2400,P0000CHH000C,,
차음시트 2T1000 x 1000단면점착,P0000CHD,,0,S,Y,,(1)503차음시트기본,차음시트 2T 1000 x 1000,P0000CHD000A,,4800.0000000000
차음시트 2T1000 x 1000단면점착,P0000CHD,,0,S,Y,,(2)503소음차음시트3,차음시트 3T 1000 x 1000,P0000CHD000B,,
차음시트 2T1000 x 1000단면점착,P0000CHD,,0,S,Y,,(2)503소음차음시트4,차음시트 4T 1000 x 1000,P0000CHD000C,,
텐텐지 백색1800x길이 85M,P0000CHC,,0,S,Y,,(1)800텐텐지,1800x길이 85M 백색,P0000CHC000C,,27300.0000000000
GS건설자이 천연 방수석고보드,P0000CCM,,0,S,Y,,(1)200자이02방수936,9.5T x 900 x 1800 (936),P0000CCM000A,,5900.0000000000
GS건설자이 천연 일반석고보드,P0000CCL,,3000,S,Y,,(1)200A자이01일반93,9.5T x 900 x 1800 (936),P0000CCL000A,,3700.0000000000
GS건설자이 천연 일반석고보드,P0000CCL,,4000,S,Y,,(1)200자이05일반938,9.5T x 900 x 2400 (938),P0000CCL000C,,5000.0000000000
GS건설자이 천연 일반석고보드,P0000CCL,,5000,S,Y,,(1)200자이04일반1236,12.5T x 900 x 1800 (1236),P0000CCL000D,,5000.0000000000
"LVL 합판각재합판다루끼한치각,투바이",P0000CCD,,0,S,Y,,(2)100LVL30308,LVL 합판 다루끼 30x30x3600 1단,P0000CCD000A,,
"LVL 합판각재합판다루끼한치각,투바이",P0000CCD,,0,S,Y,,(2)100LVL3069,LVL 합판 투바이 30x69x3600 1단,P0000CCD000B,,
목망 꽃바둑살600X1860X8X15T,P0000CBZ,,0,S,Y,,(1)100목망꽃바둑1015,600x1860x8x15T,P0000CBZ000A,,50000.0000000000
목망 꽃바둑살600X1860X8X15T,P0000CBZ,,0,S,Y,,(1)100목망캡,목망테두리,P0000CBZ000B,,4500.0000000000
PVC 점검구,P0000CBX,,0,S,Y,,(1)800점검PVC300,PVC 점검구 300 x 300,P0000CBX000A,,9000.0000000000
PVC 점검구,P0000CBX,,0,S,Y,,(1)800점검PVC400,PVC 점검구 400 x 400,P0000CBX000B,,9400.0000000000
PVC 점검구,P0000CBX,,0,S,Y,,(1)800점검PVC450,PVC 점검구 450 x 450,P0000CBX000C,,9500.0000000000
"행거레일댐퍼형(30kg,50kg,80kg)",P0000CBW,,0,S,Y,,(1)800레일2,슬라이딩 레일 실버 2m,P0000CBW000A,,20000.0000000000
"행거레일댐퍼형(30kg,50kg,80kg)",P0000CBW,,0,S,Y,,(1)800레일3,슬라이딩 레일 실버 3m,P0000CBW000B,,30000.0000000000
"행거레일댐퍼형(30kg,50kg,80kg)",P0000CBW,,0,S,Y,,(1)800행가양댐30,양댐퍼 N30,P0000CBW000C,,32000.0000000000
"행거레일댐퍼형(30kg,50kg,80kg)",P0000CBW,,0,S,Y,,(1)800행가양댐50,양댐퍼 N50,P0000CBW000D,,44000.0000000000
"행거레일댐퍼형(30kg,50kg,80kg)",P0000CBW,,0,S,Y,,(1)800행가양댐80,양댐퍼 N80,P0000CBW000E,,48000.0000000000
"행거레일댐퍼형(30kg,50kg,80kg)",P0000CBW,,0,S,Y,,(1)800엘가이드,엘가이드,P0000CBW000F,,5000.0000000000
"벽산 석고텍스9.5T x 300 x 600, 18매/1Box(1평)",P0000CBB,,0,S,Y,,(1)201석고텍스KCC,석고텍스 9.5T x 300 x 600 18매/1Box(1평),P0000CBB000D,,17800.0000000000
일반합판 3*6910x1820mm,P0000CAT,,0,S,Y,,(1)300A12736B,2.7T x 910 x 1820 동남아산,P0000CAT000A,,6700.0000000000
일반합판 3*6910x1820mm,P0000CAT,,0,S,Y,,(1)300A24636B,4.6T x 910 x 1820 동남아산,P0000CAT000B,,7700.0000000000
일반합판 3*6910x1820mm,P0000CAT,,0,S,Y,,(1)300A48536알,8.5T x 910 x 1820 동남아산 (알비자),P0000CAT000C,,9200.0000000000
일반합판 3*6910x1820mm,P0000CAT,,0,S,Y,,(1)300A38536B,8.5T x 910 x 1820 동남아산 (고급),P0000CAT000D,,12400.0000000000
일반합판 3*6910x1820mm,P0000CAT,,0,S,Y,,(1)300A511536B,11.5T x 910 x 1820 동남아산 (고급),P0000CAT000E,,16300.0000000000
일반합판 3*6910x1820mm,P0000CAT,,0,S,Y,,(1)300A611536M,11.5T x 910 x 1820 베트남산 (MLH),P0000CAT000F,,9100.0000000000
NBR코팅 장갑,P0000CAH,,0,S,Y,,(1)800장갑기능소,기능성장갑 (소),P0000CAH000A,,1800.0000000000
NBR코팅 장갑,P0000CAH,,0,S,Y,,(1)800장갑기능중,기능성장갑 (중),P0000CAH000B,,1800.0000000000
NBR코팅 장갑,P0000CAH,,0,S,Y,,(1)800장갑기능대,기능성장갑 (대),P0000CAH000C,,1800.0000000000
"일반경첩실버,골드,블랙",P0000BZG,,0,S,Y,,(1)80011일반경실,일반경첩 - 실버,P0000BZG000A,,5000.0000000000
"일반경첩실버,골드,블랙",P0000BZG,,0,S,Y,,(1)80012일반경골,일반경첩 - 골드,P0000BZG000B,,5000.0000000000
"일반경첩실버,골드,블랙",P0000BZG,,0,S,Y,,(1)80013일반경블,일반경첩 - 블랙,P0000BZG000C,,5000.0000000000
실린더BPL-6401 GR (핀/실버),P0000BZF,,0,S,Y,,(1)800실6401GR,BPL-6401 실버,P0000BZF000A,,12800.0000000000
실린더BPL-1701 GR (핀/실버),P0000BZE,,0,S,Y,,(1)800실1701GR,BPL-1701 실버,P0000BZE000A,,14000.0000000000
실린더BPL-5101 GR (핀/실버),P0000BZD,,0,S,Y,,(1)800실5101GR,BPL-5101 실버,P0000BZD000A,,12300.0000000000
실린더BPL-5100 GR (키/실버) KEY,P0000BZC,,0,S,Y,,(1)800실5100GR,BPL-5100 실버,P0000BZC000A,,13000.0000000000
실린더BPL-5001 GR (핀/실버),P0000BZB,,0,S,Y,,(1)800실5001GR,BPL-5001 실버,P0000BZB000A,,12300.0000000000
실린더BPL-5001 GR (핀/실버),P0000BZB,,0,S,Y,,(1)800실5001WT,BPL-5001 화이트,P0000BZB000B,,12300.0000000000
실린더BPL-5001 GR (핀/실버),P0000BZB,,0,S,Y,,(1)800실5001BK,BPL-5001 블랙,P0000BZB000C,,12300.0000000000
실린더BPL-5000 GR (키/실버) KEY,P0000BZA,,0,S,Y,,(1)800실5000GR,BPL-5000 실버,P0000BZA000A,,13000.0000000000
실린더BPL-5000 GR (키/실버) KEY,P0000BZA,,0,S,Y,,(1)800실5000WT,BPL-5000 화이트,P0000BZA000B,,13000.0000000000
실린더BPL-5000 GR (키/실버) KEY,P0000BZA,,0,S,Y,,(1)800실5000BK,BPL-5000 블랙,P0000BZA000C,,13000.0000000000
히노끼루바(유절) 10T8매/단,P0000BYR,,0,S,Y,,,히노끼 루바 (유절/8자),P0000BYR000A,,
히노끼루바(유절) 10T8매/단,P0000BYR,,0,S,Y,,,히노끼 루바 (유절/12자),P0000BYR000B,,
히노끼루바(유절) 10T8매/단,P0000BYR,,0,S,Y,,,히노끼 루바 마감재,P0000BYR000C,,
히노끼루바(유절) 10T8매/단,P0000BYR,,0,S,Y,,,히노끼 평몰딩,P0000BYR000D,,
히노끼루바(유절) 10T8매/단,P0000BYR,,0,S,Y,,,번들단가,P0000BYR000E,,
이페19x90x2400데크재,P0000BYB,,0,S,Y,,,19 x 90 x 2400,P0000BYB000A,,
이페19x90x2400데크재,P0000BYB,,0,S,Y,,,기타규격,P0000BYB000B,,
큐링19x90x2400데크재,P0000BYA,,0,S,Y,,,큐링 19 x 90 x 1800,P0000BYA000A,,
큐링19x90x2400데크재,P0000BYA,,0,S,Y,,,큐링 19 x 90 x 2100,P0000BYA000B,,
큐링19x90x2400데크재,P0000BYA,,0,S,Y,,,큐링 19 x 90 x 2400,P0000BYA000C,,
큐링19x90x2400데크재,P0000BYA,,0,S,Y,,,큐링 19 x 90 x 2700,P0000BYA000D,,
큐링19x90x2400데크재,P0000BYA,,0,S,Y,,,큐링 19 x 90 x 3000,P0000BYA000E,,
큐링19x90x2400데크재,P0000BYA,,0,S,Y,,,큐링 19 x 90 x 3300,P0000BYA000F,,
큐링19x90x2400데크재,P0000BYA,,0,S,Y,,,큐링 19 x 90 x 3600,P0000BYA000G,,
큐링19x90x2400데크재,P0000BYA,,0,S,Y,,,큐링 19 x 90 x 3900,P0000BYA000H,,
모말라19x90x2400데크재,P0000BXY,,0,S,Y,,,19 x 90 x 2400,P0000BXY000A,,
모말라19x90x2400데크재,P0000BXY,,0,S,Y,,,기타규격,P0000BXY000B,,
캠파스19x90x2400데크재,P0000BXT,,0,S,Y,,,캠파스 19 x 90 x 1800,P0000BXT000A,,
캠파스19x90x2400데크재,P0000BXT,,0,S,Y,,,캠파스 19 x 90 x 2100,P0000BXT000B,,
캠파스19x90x2400데크재,P0000BXT,,0,S,Y,,,캠파스 19 x 90 x 2400,P0000BXT000C,,
캠파스19x90x2400데크재,P0000BXT,,0,S,Y,,,캠파스 19 x 90 x 2700,P0000BXT000D,,
캠파스19x90x2400데크재,P0000BXT,,0,S,Y,,,캠파스 19 x 90 x 3000,P0000BXT000E,,
캠파스19x90x2400데크재,P0000BXT,,0,S,Y,,,캠파스 19 x 90 x 3300,P0000BXT000F,,
캠파스19x90x2400데크재,P0000BXT,,0,S,Y,,,캠파스 19 x 90 x 3600,P0000BXT000G,,
캠파스19x90x2400데크재,P0000BXT,,0,S,Y,,,캠파스 19 x 90 x 3900,P0000BXT000H,,
운반비 결제,P0000BWV,,0,S,Y,,,라보,P0000BWV000A,,
운반비 결제,P0000BWV,,0,S,Y,,,1톤,P0000BWV000B,,
운반비 결제,P0000BWV,,0,S,Y,,,1.4톤,P0000BWV000C,,
운반비 결제,P0000BWV,,0,S,Y,,,3.5톤,P0000BWV000D,,
운반비 결제,P0000BWV,,0,S,Y,,,5톤,P0000BWV000E,,
운반비 결제,P0000BWV,,5500,S,Y,,,5천원 추가,P0000BWV000F,,
운반비 결제,P0000BWV,,11000,S,Y,,,1만원 추가,P0000BWV000G,,
"OST단위타카핀(18,25,32,38,45,50,64)",P0000BWM,,0,S,Y,,(1)800타카JST18,18,P0000BWM000A,,6700.0000000000
"OST단위타카핀(18,25,32,38,45,50,64)",P0000BWM,,0,S,Y,,(1)800타카JST25,25,P0000BWM000B,,7300.0000000000
"OST단위타카핀(18,25,32,38,45,50,64)",P0000BWM,,0,S,Y,,(1)800타카JST32,32,P0000BWM000C,,8800.0000000000
"OST단위타카핀(18,25,32,38,45,50,64)",P0000BWM,,0,S,Y,,(1)800타카JST38,38,P0000BWM000D,,5100.0000000000
"OST단위타카핀(18,25,32,38,45,50,64)",P0000BWM,,0,S,Y,,(1)800타카JST45,45,P0000BWM000E,,5700.0000000000
"OST단위타카핀(18,25,32,38,45,50,64)",P0000BWM,,0,S,Y,,(1)800타카JST50,50,P0000BWM000F,,6700.0000000000
"OST단위타카핀(18,25,32,38,45,50,64)",P0000BWM,,0,S,Y,,(1)800타카JST64,64,P0000BWM000G,,8500.0000000000
UV코팅 자작합판상도/하도,P0000BWI,,0,S,Y,,(2)300SK자작하도448,자작 합판 4T (S/BB) UV하도,P0000BWI000A,,
UV코팅 자작합판상도/하도,P0000BWI,,0,S,Y,,(2)300SK자작하도648,자작 합판 6T (S/BB) UV하도,P0000BWI000B,,
UV코팅 자작합판상도/하도,P0000BWI,,0,S,Y,,(2)300SK자작하도948,자작 합판 9T (S/BB) UV하도,P0000BWI000C,,
UV코팅 자작합판상도/하도,P0000BWI,,0,S,Y,,(2)300SK자작하도1248,자작 합판 12T (S/BB) UV하도,P0000BWI000D,,
UV코팅 자작합판상도/하도,P0000BWI,,0,S,Y,,(2)300SK자작하도1548,자작 합판 15T (S/BB) UV하도,P0000BWI000E,,
UV코팅 자작합판상도/하도,P0000BWI,,0,S,Y,,(2)300SK자작하도1848,자작 합판 18T (S/BB) UV하도,P0000BWI000F,,
UV코팅 자작합판상도/하도,P0000BWI,,0,S,Y,,,----------,P0000BWI000G,,
UV코팅 자작합판상도/하도,P0000BWI,,0,S,Y,,(2)300SK자작상도448,자작 합판 4T (S/BB) UV상도,P0000BWI000H,,
UV코팅 자작합판상도/하도,P0000BWI,,0,S,Y,,(2)300SK자작상도648,자작 합판 6T (S/BB) UV상도,P0000BWI000I,,
UV코팅 자작합판상도/하도,P0000BWI,,0,S,Y,,(2)300SK자작상도948,자작 합판 9T (S/BB) UV상도,P0000BWI000J,,
UV코팅 자작합판상도/하도,P0000BWI,,0,S,Y,,(2)300SK자작상도1248,자작 합판 12T (S/BB) UV상도,P0000BWI000K,,
UV코팅 자작합판상도/하도,P0000BWI,,0,S,Y,,(2)300SK자작상도1548,자작 합판 15T (S/BB) UV상도,P0000BWI000L,,
UV코팅 자작합판상도/하도,P0000BWI,,0,S,Y,,(2)300SK자작상도1848,자작 합판 18T (S/BB) UV상도,P0000BWI000M,,
몰탈 접착 증강제 G-3 본드 (15kg),P0000BVW,,0,S,Y,,(1)800접착G3원,원평 G3 본드 (15kg),P0000BVW000A,,58200.0000000000
단열 보드 접착제 G-2 본드 (10kg),P0000BVV,,0,S,Y,,(1)800접착G2원,원평 G2 본드 (10kg),P0000BVV000A,,20000.0000000000
보드 합지 접착제 G-1 본드 (18L),P0000BVU,,0,S,Y,,(1)800접착G1원,원평 G1 본드 (18L),P0000BVU000A,,47300.0000000000
"C타카핀타카핀(C50,C57,C64)",P0000BVS,,0,S,Y,,(1)800타카T50,C50 (T50),P0000BVS000A,,11800.0000000000
"C타카핀타카핀(C50,C57,C64)",P0000BVS,,0,S,Y,,(1)800타카T57,C57 (T57),P0000BVS000B,,11500.0000000000
"C타카핀타카핀(C50,C57,C64)",P0000BVS,,0,S,Y,,(1)800타카T64,C64 (T64),P0000BVS000C,,13500.0000000000
"단타공흡음패널, 원형 타공판9T x 1200 x 2400방염",P0000BVF,,0,S,Y,,(2)503제일타공라자9,타공판/라인/자작,P0000BVF000A,,
"단타공흡음패널, 원형 타공판9T x 1200 x 2400방염",P0000BVF,,0,S,Y,,(1)503타공라메9,타공판/라인/메이플,P0000BVF000B,,48000.0000000000
"단타공흡음패널, 원형 타공판9T x 1200 x 2400방염",P0000BVF,,0,S,Y,,(2)503소음타공라오9,타공판/라인/오크,P0000BVF000C,,
"단타공흡음패널, 원형 타공판9T x 1200 x 2400방염",P0000BVF,,0,S,Y,,(2)503제일타공원자9,타공판/원형/자작,P0000BVF000D,,
"단타공흡음패널, 원형 타공판9T x 1200 x 2400방염",P0000BVF,,0,S,Y,,(1)503타공원메9,타공판/원형/메이플,P0000BVF000E,,44700.0000000000
"단타공흡음패널, 원형 타공판9T x 1200 x 2400방염",P0000BVF,,0,S,Y,,(2)503제일타공원오9,타공판/원형/오크,P0000BVF000F,,
"단타공흡음패널, 원형 타공판9T x 1200 x 2400방염",P0000BVF,,0,S,Y,,(2)503씨에타공원화,타공판/원형/화이트오크,P0000BVF000G,,
"단타공흡음패널, 원형 타공판9T x 1200 x 2400방염",P0000BVF,,0,S,Y,,(2)503소음타공원백9,타공판/원형/백색,P0000BVF000I,,
방부 라티스 (15T),P0000BTH,,0,S,Y,,(1)100방부목91라티,15T x 1200mm x 2400mm,P0000BTH000A,,28000.0000000000
방부 라티스 (15T),P0000BTH,,0,S,Y,,(2)100방부라티스캡,방부라티스 U캡,P0000BTH000B,,
주춧돌(앙카블럭),P0000BTF,,0,S,Y,,(2)800주춧44,주춧돌 4 x 4,P0000BTF000A,,
주춧돌(앙카블럭),P0000BTF,,0,S,Y,,,주춧돌 5 x 5,P0000BTF000B,,
주춧돌(앙카블럭),P0000BTF,,0,S,Y,,,주춧돌 6 x 6,P0000BTF000C,,
오동나무 집성판솔리드,P0000BTE,,0,S,Y,,(1)302오동12솔,12T x 1000 x 2000,P0000BTE000A,,40000.0000000000
오동나무 집성판솔리드,P0000BTE,,0,S,Y,,,15T x 1220 x 2200,P0000BTE000B,,
"합성목재(WPC)브라운,체리,그레이방부목 대체품",P0000BSR,,0,S,Y,,,20T x 132 x 2400,P0000BSR000A,,
"합성목재(WPC)브라운,체리,그레이방부목 대체품",P0000BSR,,0,S,Y,,,20T x 132 x 3000,P0000BSR000B,,
"합성목재(WPC)브라운,체리,그레이방부목 대체품",P0000BSR,,0,S,Y,,(1)500다크브201328,20T x 138 x 2400,P0000BSR000C,,12800.0000000000
"합성목재(WPC)브라운,체리,그레이방부목 대체품",P0000BSR,,0,S,Y,,,20T x 138 x 3000,P0000BSR000D,,
"합성목재(WPC)브라운,체리,그레이방부목 대체품",P0000BSR,,0,S,Y,,,25T x 150 x 2400,P0000BSR000E,,
"합성목재(WPC)브라운,체리,그레이방부목 대체품",P0000BSR,,0,S,Y,,,25T x 150 x 3000,P0000BSR000F,,
"합성목재(WPC)브라운,체리,그레이방부목 대체품",P0000BSR,,0,S,Y,,,기타규격,P0000BSR000G,,
"합성목재(WPC)브라운,체리,그레이방부목 대체품",P0000BSR,,0,S,Y,,(1)500미들클립20,합성목재 미들클립,P0000BSR000H,,26800.0000000000
"합성목재(WPC)브라운,체리,그레이방부목 대체품",P0000BSR,,0,S,Y,,(1)500스타트클립20,합성목재 스타트클립,P0000BSR000I,,10900.0000000000
"합성목재(WPC)브라운,체리,그레이방부목 대체품",P0000BSR,,0,S,Y,,(1)500클립피스820,합성목재 클립 전용피스,P0000BSR000J,,19100.0000000000
"합성목재(WPC)브라운,체리,그레이방부목 대체품",P0000BSR,,0,S,Y,,(1)500도장피스838,합성목재용 도장 직결피스(DB),P0000BSR000K,,47000.0000000000
"합성목재(WPC)브라운,체리,그레이방부목 대체품",P0000BSR,,0,S,Y,,(1)500아티론,아티론 (연결보조제),P0000BSR000L,,12300.0000000000
"합성목재(WPC)브라운,체리,그레이방부목 대체품",P0000BSR,,0,S,Y,,,합성목재 평몰딩,P0000BSR000M,,
"합성목재(WPC)브라운,체리,그레이방부목 대체품",P0000BSR,,0,S,Y,,,합성목재 평몰딩2,P0000BSR000N,,
CRC보드하지용 미색,P0000BSU,,0,S,Y,,,3.5T x 900 x 1800,P0000BSU000A,,
CRC보드하지용 미색,P0000BSU,,0,S,Y,,,4.5T x 900 x 1800,P0000BSU000B,,
CRC보드하지용 미색,P0000BSU,,0,S,Y,,(1)201CRC636,6T x 900 x 1800,P0000BSU000C,,10000.0000000000
CRC보드하지용 미색,P0000BSU,,0,S,Y,,(1)201CRC936,9T x 900 x 1800,P0000BSU000D,,14800.0000000000
CRC보드하지용 미색,P0000BSU,,0,S,Y,,,12T x 900 x 1800,P0000BSU000E,,
CRC보드하지용 미색,P0000BSU,,0,S,Y,,,----------,P0000BSU000F,,
CRC보드하지용 미색,P0000BSU,,0,S,Y,,,6T x 1220 x 2440,P0000BSU000G,,
CRC보드하지용 미색,P0000BSU,,0,S,Y,,,9T x 1220 x 2440,P0000BSU000H,,
목모보드(4면면취/내추럴)두께별 x 600 x 600KS인증제품,P0000BQQ,,0,S,Y,,,일반 15T x 600 x 600,P0000BQQ000A,,
목모보드(4면면취/내추럴)두께별 x 600 x 600KS인증제품,P0000BQQ,,0,S,Y,,,일반 20T x 600 x 600,P0000BQQ000B,,
목모보드(4면면취/내추럴)두께별 x 600 x 600KS인증제품,P0000BQQ,,0,S,Y,,,일반 25T x 600 x 600,P0000BQQ000C,,
목모보드(4면면취/내추럴)두께별 x 600 x 600KS인증제품,P0000BQQ,,0,S,Y,,,방염 15T x 600 x 600,P0000BQQ000D,,
목모보드(4면면취/내추럴)두께별 x 600 x 600KS인증제품,P0000BQQ,,0,S,Y,,,방염 20T x 600 x 600,P0000BQQ000E,,
목모보드(4면면취/내추럴)두께별 x 600 x 600KS인증제품,P0000BQQ,,0,S,Y,,,방염 25T x 600 x 600,P0000BQQ000F,,
목모보드(4면면취/내추럴)두께별 x 600 x 600KS인증제품,P0000BQQ,,0,S,Y,,,준불연 15T x 600 x 600,P0000BQQ000G,,
목모보드(4면면취/내추럴)두께별 x 600 x 600KS인증제품,P0000BQQ,,0,S,Y,,,준불연 20T x 600 x 600,P0000BQQ000H,,
목모보드(4면면취/내추럴)두께별 x 600 x 600KS인증제품,P0000BQQ,,0,S,Y,,,준불연 25T x 600 x 600,P0000BQQ000I,,
목모보드(4면면취/내추럴)두께별 x 600 x 600KS인증제품,P0000BQQ,,0,S,Y,,,배송비,P0000BQQ000J,,
목모보드(4면면취/내추럴)두께별 x 600 x 1200KS인증제품,P0000BQR,,0,S,Y,,,일반 15T x 600 x 1200,P0000BQR000A,,
목모보드(4면면취/내추럴)두께별 x 600 x 1200KS인증제품,P0000BQR,,0,S,Y,,,일반 20T x 600 x 1200,P0000BQR000B,,
목모보드(4면면취/내추럴)두께별 x 600 x 1200KS인증제품,P0000BQR,,0,S,Y,,,일반 25T x 600 x 1200,P0000BQR000C,,
목모보드(4면면취/내추럴)두께별 x 600 x 1200KS인증제품,P0000BQR,,0,S,Y,,,방염 15T x 600 x 1200,P0000BQR000D,,
목모보드(4면면취/내추럴)두께별 x 600 x 1200KS인증제품,P0000BQR,,0,S,Y,,,방염 20T x 600 x 1200,P0000BQR000E,,
목모보드(4면면취/내추럴)두께별 x 600 x 1200KS인증제품,P0000BQR,,0,S,Y,,,방염 25T x 600 x 1200,P0000BQR000F,,
목모보드(4면면취/내추럴)두께별 x 600 x 1200KS인증제품,P0000BQR,,0,S,Y,,,준불연 15T x 600 x 1200,P0000BQR000G,,
목모보드(4면면취/내추럴)두께별 x 600 x 1200KS인증제품,P0000BQR,,0,S,Y,,,준불연 20T x 600 x 1200,P0000BQR000H,,
목모보드(4면면취/내추럴)두께별 x 600 x 1200KS인증제품,P0000BQR,,0,S,Y,,,준불연 25T x 600 x 1200,P0000BQR000I,,
목모보드(4면면취/내추럴)두께별 x 600 x 1200KS인증제품,P0000BQR,,0,S,Y,,,배송비,P0000BQR000J,,
재단비 결제,P0000BNF,,0,S,Y,,,5mm이하,P0000BNF000A,,
재단비 결제,P0000BNF,,0,S,Y,,,6~11.5mm,P0000BNF000B,,
재단비 결제,P0000BNF,,0,S,Y,,,14.5~23mm,P0000BNF000C,,
재단비 결제,P0000BNF,,0,S,Y,,,24~30mm,P0000BNF000D,,
재단비 결제,P0000BNF,,0,S,Y,,,소송각재,P0000BNF000E,,
재단비 결제,P0000BNF,,0,S,Y,,,각재 2x8 이하,P0000BNF000F,,
재단비 결제,P0000BNF,,0,S,Y,,,각재 2x8 이상,P0000BNF000G,,
재단비 결제,P0000BNF,,0,S,Y,,,템바보드,P0000BNF000H,,
준내수합판 (국산 KS)1220 x 2440mm,P0000BNE,,0,S,Y,,(1)300준내수948,8.5T x 1220 x 2440 국산 ks,P0000BNE000B,,26000.0000000000
준내수합판 (국산 KS)1220 x 2440mm,P0000BNE,,0,S,Y,,,4.4T x 1220 x 2440 국산 ks,P0000BNE000D,,
준내수합판 (국산 KS)1220 x 2440mm,P0000BNE,,0,S,Y,,,12T x 1220 x 2440 국산 ks,P0000BNE000E,,
단열재 아이소핑크/압출법보온판 ,P0000BND,,0,S,Y,,(1)60011아이소101호,10T x 900 x 1800,P0000BND000G,,3100.0000000000
단열재 아이소핑크/압출법보온판 ,P0000BND,,0,S,Y,,(1)60012아이소20특,20T x 900 x 1800,P0000BND000H,,5900.0000000000
단열재 아이소핑크/압출법보온판 ,P0000BND,,0,S,Y,,(1)60013아이소30특,30T x 900 x 1800,P0000BND000I,,6900.0000000000
단열재 아이소핑크/압출법보온판 ,P0000BND,,0,S,Y,,(1)60014아이소50특,50T x 900 x 1800,P0000BND000J,,11500.0000000000
단열재 아이소핑크/압출법보온판 ,P0000BND,,0,S,Y,,(1)60015아이소100특,100T x 900 x 1800,P0000BND000K,,22500.0000000000
오크 미장합판(라미날 합판)1220 x 2440mm,P0000BNC,,0,S,Y,,(1)300오크27,오크 미장합판 2.7T x 1220 x 2440mm,P0000BNC000A,,18600.0000000000
백색 코팅 합판(백색 포리톤)1220 x 2440mm,P0000BNB,,0,S,Y,,(1)300백색27,백색 코팅합판 2.7T x 1220 x 2440m,P0000BNB000A,,20000.0000000000
무방부목15x95x3600데크재,P0000BMM,,0,S,Y,,,15 x 95mm,P0000BMM000A,,
무방부목15x95x3600데크재,P0000BMM,,0,S,Y,,,21 x 120mm,P0000BMM000B,,
자동연발피스 (양날) 매거진피스,P0000BMB,,0,S,Y,,(1)800매거양625,6 x 25 (2000PCS/1박스),P0000BMB000A,,22500.0000000000
자동연발피스 (양날) 매거진피스,P0000BMB,,0,S,Y,,(1)800매거양632,6 x 32 (1000PCS/1박스),P0000BMB000B,,12700.0000000000
자동연발피스 (양날) 매거진피스,P0000BMB,,0,S,Y,,(1)800매거양638,6 x 38 (1000PCS/1박스),P0000BMB000C,,15500.0000000000
자동연발피스 (양날) 매거진피스,P0000BMB,,0,S,Y,,(1)800매거양321,3 x 21 (2000PCS/1박스) 코팅,P0000BMB000D,,23300.0000000000
윙스크류 양날피스,P0000BMA,,0,S,Y,,(1)800윙스25,8 x 25 (500pcs),P0000BMA000A,,10500.0000000000
윙스크류 양날피스,P0000BMA,,0,S,Y,,(1)800윙스32,8 x 32 (500pcs),P0000BMA000B,,11400.0000000000
윙스크류 양날피스,P0000BMA,,0,S,Y,,(1)800윙스38,8 x 38 (500pcs),P0000BMA000C,,12700.0000000000
윙스크류 양날피스,P0000BMA,,0,S,Y,,(1)800윙스45,8 x 45 (500pcs),P0000BMA000D,,17100.0000000000
윙스크류 양날피스,P0000BMA,,0,S,Y,,(1)800윙스55,8 x 55 (300pcs),P0000BMA000E,,11400.0000000000
반코팅 장갑 (1타/10개),P0000BLZ,,0,S,Y,,(1)800장갑1코팅R,1타 (10개),P0000BLZ000A,,2900.0000000000
자동연발피스 (외날) 매거진피스,P0000BLY,,0,S,Y,,(1)800매거외625,6 x 25 (2000PCS/1박스),P0000BLY000A,,17800.0000000000
자동연발피스 (외날) 매거진피스,P0000BLY,,0,S,Y,,(1)800매거외632,6 x 32 (1000PCS/1박스),P0000BLY000B,,10500.0000000000
자동연발피스 (외날) 매거진피스,P0000BLY,,0,S,Y,,(1)800매거외638,6 x 38 (1000PCS/1박스),P0000BLY000C,,14000.0000000000
자동연발피스 (외날) 매거진피스,P0000BLY,,0,S,Y,,(1)800매거외321,3 x 21 (2000PCS/1박스) 코팅,P0000BLY000D,,23300.0000000000
자동연발피스 (외날) 매거진피스,P0000BLY,,0,S,Y,,(1)800매거외625코,6 x 25 (2000PCS/1박스) 코팅,P0000BLY000E,,23300.0000000000
씽크경첩 110도 18T 일반 / 유압,P0000BLX,,0,S,Y,,(1)800씽크경일18,일반 씽크경첩(110도),P0000BLX000A,,1200.0000000000
씽크경첩 110도 18T 일반 / 유압,P0000BLX,,0,S,Y,,(1)800씽크경유18,유압 씽크경첩(110도),P0000BLX000B,,1800.0000000000
3단 고급 서랍레일피스포함,P0000BLV,,0,S,Y,,(1)800서랍레일300,300mm,P0000BLV000A,,4000.0000000000
3단 고급 서랍레일피스포함,P0000BLV,,0,S,Y,,(1)800서랍레일350,350mm,P0000BLV000B,,4500.0000000000
3단 고급 서랍레일피스포함,P0000BLV,,0,S,Y,,(1)800서랍레일400,400mm,P0000BLV000C,,4800.0000000000
3단 고급 서랍레일피스포함,P0000BLV,,0,S,Y,,(1)800서랍레일450,450mm,P0000BLV000D,,5000.0000000000
KCC/벽산 그라스울 (1봉지/28장)24K 50 x 450 x 1000,P0000BLR,,0,S,Y,,(1)60010그라스울기본,24K 50 x 450 x 1000,P0000BLR000D,,50900.0000000000
플로베니아 백색 900*1800,P0000BLQ,,0,S,Y,,(1)800플로3,플로베니아(플라스틱) 보양재 3T x 900 x 1800,P0000BLQ000A,,2200.0000000000
플로베니아 백색 900*1800,P0000BLQ,,0,S,Y,,(1)800골판지,종이 롤보양재 3T x 1100 x 40M,P0000BLQ000B,,20000.0000000000
자나무(미장용)56 x 2440mm,P0000BLN,,0,S,Y,,(1)100자나무,11.5T x 56mm x 2440mm (1개),P0000BLN000A,,1100.0000000000
실리콘 마감용 헤라,P0000BLC,,0,S,Y,,(1)800헤라소,실리콘 마감용 헤라 (소),P0000BLC000A,,1800.0000000000
실리콘 마감용 헤라,P0000BLC,,0,S,Y,,(1)800헤라중,실리콘 마감용 헤라 (중),P0000BLC000B,,1800.0000000000
실리콘 마감용 헤라,P0000BLC,,0,S,Y,,(1)800헤라대,실리콘 마감용 헤라 (대),P0000BLC000C,,1800.0000000000
미송합판(양면무절)1220 x 2440mm,P0000BKX,,0,S,Y,,(1)300B6미송무45,미송합판 4.5T,P0000BKX000A,,16800.0000000000
미송합판(양면무절)1220 x 2440mm,P0000BKX,,0,S,Y,,,미송합판 6.5T,P0000BKX000B,,
미송합판(양면무절)1220 x 2440mm,P0000BKX,,0,S,Y,,,미송합판 9T,P0000BKX000C,,
미송합판(양면무절)1220 x 2440mm,P0000BKX,,0,S,Y,,,미송합판 12T,P0000BKX000D,,
미송합판(양면무절)1220 x 2440mm,P0000BKX,,0,S,Y,,,미송합판 15T,P0000BKX000E,,
미송합판(양면무절)1220 x 2440mm,P0000BKX,,0,S,Y,,,미송합판 18T,P0000BKX000F,,
티크 집성판사이드핑거,P0000BKV,,0,S,Y,,,15T x 910 x 2440,P0000BKV000A,,
티크 집성판사이드핑거,P0000BKV,,0,S,Y,,,18T x 910 x 2440,P0000BKV000B,,
티크 집성판사이드핑거,P0000BKV,,0,S,Y,,,24T x 910 x 2440,P0000BKV000C,,
티크 집성판사이드핑거,P0000BKV,,0,S,Y,,,30T x 910 x 2440,P0000BKV000D,,
티크 집성판사이드핑거,P0000BKV,,0,S,Y,,,18T x 1220 x 2440,P0000BKV000E,,
티크 집성판사이드핑거,P0000BKV,,0,S,Y,,,24T x 1220 x 2440,P0000BKV000F,,
티크 집성판사이드핑거,P0000BKV,,0,S,Y,,,30T x 1220 x 2440,P0000BKV000G,,
탄화 애쉬(물푸레나무)집성판사이드핑거 15T x 1200 x 2400mm,P0000BKU,,0,S,Y,,,15T x 1200 x 2400,P0000BKU000A,,
멀바우 집성판사이드핑거,P0000BJU,,0,S,Y,,(1)302멀바1238,12T x 910 x 2400,P0000BJU000A,,54100.0000000000
멀바우 집성판사이드핑거,P0000BJU,,0,S,Y,,(1)302멀바1538,15T x 910 x 2400,P0000BJU000B,,62700.0000000000
멀바우 집성판사이드핑거,P0000BJU,,0,S,Y,,(1)302멀바1838,18T x 910 x 2400,P0000BJU000C,,67700.0000000000
멀바우 집성판사이드핑거,P0000BJU,,0,S,Y,,,24T x 910 x 2400,P0000BJU000D,,
멀바우 집성판사이드핑거,P0000BJU,,0,S,Y,,,30T x 910 x 2400,P0000BJU000E,,
멀바우 집성판사이드핑거,P0000BJU,,0,S,Y,,,------------------,P0000BJU000F,,
멀바우 집성판사이드핑거,P0000BJU,,0,S,Y,,,12T x 1220 x 2440,P0000BJU000G,,
멀바우 집성판사이드핑거,P0000BJU,,0,S,Y,,,15T x 1220 x 2440,P0000BJU000H,,
멀바우 집성판사이드핑거,P0000BJU,,0,S,Y,,(1)302멀바1848,18T x 1220 x 2440,P0000BJU000I,,91000.0000000000
멀바우 집성판사이드핑거,P0000BJU,,0,S,Y,,,24T X 1220 X 2440,P0000BJU000J,,
멀바우 집성판사이드핑거,P0000BJU,,0,S,Y,,,30T x 1220 x 2440,P0000BJU000K,,
아연피스 ( 목재용 나팔머리 외날피스 ) 델타,P0000BJT,,0,S,Y,,(1)800아연피스25,6 x 25 (1000pcs),P0000BJT000A,,9100.0000000000
아연피스 ( 목재용 나팔머리 외날피스 ) 델타,P0000BJT,,0,S,Y,,(1)800아연피스32,6 x 32 (1000pcs),P0000BJT000B,,9700.0000000000
아연피스 ( 목재용 나팔머리 외날피스 ) 델타,P0000BJT,,0,S,Y,,(1)800아연피스38,6 x 38 (500pcs),P0000BJT000C,,5500.0000000000
아연피스 ( 목재용 나팔머리 외날피스 ) 델타,P0000BJT,,0,S,Y,,(1)800아연피스50,6 x 50 (500pcs),P0000BJT000D,,7800.0000000000
아연피스 ( 목재용 나팔머리 외날피스 ) 델타,P0000BJT,,0,S,Y,,(1)800아연피스65,6 x 65 (300pcs),P0000BJT000E,,8200.0000000000
아연피스 ( 목재용 나팔머리 외날피스 ) 델타,P0000BJT,,0,S,Y,,(1)800아연피스75,6 x 75 (300pcs),P0000BJT000F,,10200.0000000000
아연피스 ( 목재용 나팔머리 외날피스 ) 델타,P0000BJT,,0,S,Y,,(1)800아연피스90,6 x 90 (200pcs),P0000BJT000G,,11600.0000000000
월넛 집성판사이드핑거,P0000BJQ,,0,S,Y,,,18T x 910 x 2400,P0000BJQ000A,,
월넛 집성판사이드핑거,P0000BJQ,,0,S,Y,,,18T x 910 x 2440,P0000BJQ000B,,
월넛 집성판사이드핑거,P0000BJQ,,0,S,Y,,,24T x 910 x 2440,P0000BJQ000C,,
월넛 집성판사이드핑거,P0000BJQ,,0,S,Y,,,30T x 915 x 2300,P0000BJQ000D,,
쏘노클린 집성판사이드핑거,P0000BJG,,0,S,Y,,,18T x 910 x 2440,P0000BJG000A,,
쏘노클린 집성판사이드핑거,P0000BJG,,0,S,Y,,,24T x 910 x 2440,P0000BJG000B,,
쏘노클린 집성판사이드핑거,P0000BJG,,0,S,Y,,,30T x 910 x 2440,P0000BJG000C,,
쏘노클린 집성판사이드핑거,P0000BJG,,0,S,Y,,(1)302쏘노30300,30T x 300 x 3600,P0000BJG000D,,0.0000000000
스텐 접시 양날피스,P0000BJE,,0,S,Y,,(1)800스텐피스25,스텐 접시 양날피스 8 x 25,P0000BJE000A,,15500.0000000000
스텐 접시 양날피스,P0000BJE,,0,S,Y,,(1)800스텐피스32,스텐 접시 양날피스 8 x 32,P0000BJE000C,,13200.0000000000
스텐 접시 양날피스,P0000BJE,,0,S,Y,,(1)800스텐피스38,스텐 접시 양날피스 8 x 38,P0000BJE000D,,15000.0000000000
스텐 접시 양날피스,P0000BJE,,0,S,Y,,(1)800스텐피스50,스텐 접시 양날피스 8 x 50,P0000BJE000E,,13200.0000000000
"6단위실타카핀(615,618,625,630)",P0000BJD,,0,S,Y,,(1)800실타615,실타카핀615,P0000BJD000A,,5600.0000000000
"6단위실타카핀(615,618,625,630)",P0000BJD,,0,S,Y,,(1)800실타618,실타카핀618,P0000BJD000B,,5600.0000000000
"6단위실타카핀(615,618,625,630)",P0000BJD,,0,S,Y,,(1)800실타625,실타카핀625,P0000BJD000C,,6000.0000000000
"6단위실타카핀(615,618,625,630)",P0000BJD,,0,S,Y,,(1)800실타630,실타카핀630,P0000BJD000D,,6700.0000000000
"AFH-4350 이지경첩실버,골드,화이트,블랙",P0000BJC,,0,S,Y,,(1)80011이지경실,이지경첩 - 실버,P0000BJC000A,,3300.0000000000
"AFH-4350 이지경첩실버,골드,화이트,블랙",P0000BJC,,0,S,Y,,(1)80012이지경골,이지경첩 - 골드,P0000BJC000B,,5000.0000000000
"AFH-4350 이지경첩실버,골드,화이트,블랙",P0000BJC,,0,S,Y,,(1)80014이지경백,이지경첩 - 백색,P0000BJC000C,,5000.0000000000
"AFH-4350 이지경첩실버,골드,화이트,블랙",P0000BJC,,0,S,Y,,(1)80013이지경블,이지경첩 - 블랙,P0000BJC000D,,5000.0000000000
알루미늄 점검구,P0000BJB,,0,S,Y,,(1)800점검300,알루미늄 점검구 300 x 300,P0000BJB000A,,9000.0000000000
알루미늄 점검구,P0000BJB,,0,S,Y,,(1)800점검400,알루미늄 점검구 400 x 400,P0000BJB000B,,9400.0000000000
알루미늄 점검구,P0000BJB,,0,S,Y,,(1)800점검450,알루미늄 점검구 450 x 450,P0000BJB000C,,9500.0000000000
알루미늄 점검구,P0000BJB,,0,S,Y,,(1)800점검600,알루미늄 점검구 600 x 600,P0000BJB000D,,12700.0000000000
접시머리 양날피스(황색),P0000BJA,,0,S,Y,,(1)800접시13,접시머리 양날피스 8 x 13 (1000pcs),P0000BJA000A,,6400.0000000000
접시머리 양날피스(황색),P0000BJA,,0,S,Y,,(1)800접시25,접시머리 양날피스 8 x 25 (500pcs),P0000BJA000B,,8200.0000000000
접시머리 양날피스(황색),P0000BJA,,0,S,Y,,(1)800접시32,접시머리 양날피스 8 x 32 (500pcs),P0000BJA000C,,9800.0000000000
접시머리 양날피스(황색),P0000BJA,,0,S,Y,,(1)800접시38,접시머리 양날피스 8 x 38 (500pcs),P0000BJA000D,,10900.0000000000
"톱날 ( 대건금속, 타지마 )",P0000BIZ,,0,S,Y,,(1)800톱날265대,톱날 265 mm / 대건금속,P0000BIZ000A,,11400.0000000000
"톱날 ( 대건금속, 타지마 )",P0000BIZ,,0,S,Y,,(1)800톱날A265타,톱날 265 mm / 타지마,P0000BIZ000B,,19200.0000000000
"톱날 ( 대건금속, 타지마 )",P0000BIZ,,0,S,Y,,(1)800톱날300대,톱날 300 mm / 대건금속,P0000BIZ000C,,12300.0000000000
"톱날 ( 대건금속, 타지마 )",P0000BIZ,,0,S,Y,,(1)800톱날A300타,톱날 300 mm / 타지마,P0000BIZ000D,,22000.0000000000
"톱날 ( 대건금속, 타지마 )",P0000BIZ,,0,S,Y,,(1)800톱날330대,톱날 330 mm / 대건금속,P0000BIZ000E,,12300.0000000000
"톱날 ( 대건금속, 타지마 )",P0000BIZ,,0,S,Y,,(1)800톱날A330타,톱날 330 mm / 타지마,P0000BIZ000F,,22000.0000000000
평붓,P0000BIY,,0,S,Y,,(1)800평붓2,평 붓 2인치,P0000BIY000A,,800.0000000000
평붓,P0000BIY,,0,S,Y,,(1)800평붓3,평 붓 3인치,P0000BIY000B,,1300.0000000000
평붓,P0000BIY,,0,S,Y,,(1)800평붓4,평 붓 4인치,P0000BIY000C,,1500.0000000000
평붓,P0000BIY,,0,S,Y,,(1)800평붓5,평 붓 5인치,P0000BIY000D,,1800.0000000000
제일타카 1850A타카총/에어타카,P0000BIS,,0,S,Y,,(1)800총F30,F30 타카총,P0000BIS000A,,61800.0000000000
제일타카 1850A타카총/에어타카,P0000BIS,,0,S,Y,,(1)800총630R,630 타카총,P0000BIS000B,,118200.0000000000
제일타카 1850A타카총/에어타카,P0000BIS,,0,S,Y,,(1)80013총422,422 타카총,P0000BIS000C,,61800.0000000000
제일타카 1850A타카총/에어타카,P0000BIS,,0,S,Y,,(1)800총1850A,1850A 타카총,P0000BIS000D,,106500.0000000000
제일타카 1850A타카총/에어타카,P0000BIS,,0,S,Y,,(1)800총CT64,CT64 타카총,P0000BIS000E,,145500.0000000000
제일타카 1850A타카총/에어타카,P0000BIS,,0,S,Y,,(1)800총BN1664,T64 타카총,P0000BIS000F,,118200.0000000000
"F단위타카핀(15,20,25,30,40,50)",P0000BIR,,0,S,Y,,(1)800타카F15,F 15,P0000BIR000A,,3600.0000000000
"F단위타카핀(15,20,25,30,40,50)",P0000BIR,,0,S,Y,,(1)800타카F20,F 20,P0000BIR000B,,4100.0000000000
"F단위타카핀(15,20,25,30,40,50)",P0000BIR,,0,S,Y,,(1)800타카F25,F 25,P0000BIR000C,,4500.0000000000
"F단위타카핀(15,20,25,30,40,50)",P0000BIR,,0,S,Y,,(1)800타카F30,F 30,P0000BIR000D,,3600.0000000000
"F단위타카핀(15,20,25,30,40,50)",P0000BIR,,0,S,Y,,(1)800타카F40,F 40,P0000BIR000E,,7500.0000000000
"F단위타카핀(15,20,25,30,40,50)",P0000BIR,,0,S,Y,,(1)800타카F50,F 50,P0000BIR000F,,8500.0000000000
"J단위타카핀(416,149,422,1022)",P0000BIP,,0,S,Y,,(1)800타카416J,핀 416J,P0000BIP000A,,4500.0000000000
"J단위타카핀(416,149,422,1022)",P0000BIP,,0,S,Y,,(1)800타카419J,핀 419J,P0000BIP000B,,4400.0000000000
"J단위타카핀(416,149,422,1022)",P0000BIP,,0,S,Y,,(1)80011타카422J,핀 422J,P0000BIP000C,,3600.0000000000
"J단위타카핀(416,149,422,1022)",P0000BIP,,0,S,Y,,(1)800타카1022J,핀 1022J,P0000BIP000E,,6600.0000000000
엘더(오리나무)집성판사이드핑거,P0000BIK,,0,S,Y,,,18T x 1200 x 2400,P0000BIK000A,,
엘더(오리나무)집성판사이드핑거,P0000BIK,,0,S,Y,,,20T x 1200 x 2400,P0000BIK000B,,
엘더(오리나무)집성판사이드핑거,P0000BIK,,0,S,Y,,,25T x 1200 x 2400,P0000BIK000C,,
엘더(오리나무)집성판사이드핑거,P0000BIK,,0,S,Y,,,33T x 1200 x 2400,P0000BIK000D,,
엘더(오리나무)집성판사이드핑거,P0000BIK,,0,S,Y,,,24T x 1200 x 2400,P0000BIK000E,,
히노끼루바(무절) 10T8매/단,P0000BIJ,,0,S,Y,,(1)100편백루바8무,히노끼 루바 (통무절/8자),P0000BIJ000A,,79000.0000000000
히노끼루바(무절) 10T8매/단,P0000BIJ,,0,S,Y,,,히노끼 루바 (단판무절/8자),P0000BIJ000B,,
단열재열반사 단열재 (6T/10T),P0000BIB,,0,S,Y,,(1)6001열반사6양,은박 6T 단면 접착 (50m),P0000BIB000A,,94500.0000000000
단열재열반사 단열재 (6T/10T),P0000BIB,,0,S,Y,,(1)6001열반사10양,은박 10T 양면 접착 (25m),P0000BIB000B,,74500.0000000000
멀바우19x90데크재,P0000BHU,,0,S,Y,,,멀바우 19 x 90 x 1800,P0000BHU000A,,
멀바우19x90데크재,P0000BHU,,0,S,Y,,,멀바우 19 x 90 x 2100,P0000BHU000B,,
멀바우19x90데크재,P0000BHU,,0,S,Y,,,멀바우 19 x 90 x 2400,P0000BHU000C,,
멀바우19x90데크재,P0000BHU,,0,S,Y,,,멀바우 19 x 90 x 2700,P0000BHU000D,,
멀바우19x90데크재,P0000BHU,,0,S,Y,,,멀바우 19 x 90 x 3000,P0000BHU000E,,
멀바우19x90데크재,P0000BHU,,0,S,Y,,,멀바우 19 x 90 x 3300,P0000BHU000F,,
멀바우19x90데크재,P0000BHU,,0,S,Y,,,멀바우 19 x 90 x 3600,P0000BHU000G,,
멀바우19x90데크재,P0000BHU,,0,S,Y,,,멀바우 19 x 90 x 3900,P0000BHU000H,,
방킬라이19x90x2400데크재,P0000BHT,,0,S,Y,,,방킬라이 19 x 90 x 1800,P0000BHT000A,,
방킬라이19x90x2400데크재,P0000BHT,,0,S,Y,,,방킬라이 19 x 90 x 2100,P0000BHT000B,,
방킬라이19x90x2400데크재,P0000BHT,,0,S,Y,,(1)100방킬8자,방킬라이 19 x 90 x 2400,P0000BHT000C,,9500.0000000000
방킬라이19x90x2400데크재,P0000BHT,,0,S,Y,,,방킬라이 19 x 90 x 2700,P0000BHT000D,,
방킬라이19x90x2400데크재,P0000BHT,,0,S,Y,,,방킬라이 19 x 90 x 3000,P0000BHT000E,,
방킬라이19x90x2400데크재,P0000BHT,,0,S,Y,,,방킬라이 19 x 90 x 3300,P0000BHT000F,,
방킬라이19x90x2400데크재,P0000BHT,,0,S,Y,,,방킬라이 19 x 90 x 3600,P0000BHT000G,,
방킬라이19x90x2400데크재,P0000BHT,,0,S,Y,,,방킬라이 19 x 90 x 3900,P0000BHT000H,,
방킬라이19x90x2400데크재,P0000BHT,,0,S,Y,,,기타규격,P0000BHT000I,,
스페이스 월18T x 1220 x 2440mm,P0000BHR,,0,S,Y,,(1)502백스페,스페이스월 (쫄대포함),P0000BHR000A,,60000.0000000000
"DT단위타카핀(50,64)",P0000BHI,,0,S,Y,,(1)800타카DT50,DT 50,P0000BHI000A,,12500.0000000000
"DT단위타카핀(50,64)",P0000BHI,,0,S,Y,,(1)800타카DT64,DT 64,P0000BHI000B,,13200.0000000000
"ST단위타카핀(18,25,32,38,45,50,57,64)",P0000BHH,,0,S,Y,,(1)800타카1ST18,ST 18,P0000BHH000A,,4600.0000000000
"ST단위타카핀(18,25,32,38,45,50,57,64)",P0000BHH,,0,S,Y,,(1)800타카1ST25,ST 25,P0000BHH000B,,5600.0000000000
"ST단위타카핀(18,25,32,38,45,50,57,64)",P0000BHH,,0,S,Y,,(1)800타카1ST32,ST 32,P0000BHH000C,,6500.0000000000
"ST단위타카핀(18,25,32,38,45,50,57,64)",P0000BHH,,0,S,Y,,(1)800타카1ST38,ST 38,P0000BHH000D,,4200.0000000000
"ST단위타카핀(18,25,32,38,45,50,57,64)",P0000BHH,,0,S,Y,,(1)800타카1ST45,ST 45,P0000BHH000E,,4500.0000000000
"ST단위타카핀(18,25,32,38,45,50,57,64)",P0000BHH,,0,S,Y,,(1)800타카1ST50,ST 50,P0000BHH000F,,5500.0000000000
"ST단위타카핀(18,25,32,38,45,50,57,64)",P0000BHH,,0,S,Y,,(1)800타카1ST57,ST 57,P0000BHH000G,,6600.0000000000
"ST단위타카핀(18,25,32,38,45,50,57,64)",P0000BHH,,0,S,Y,,(1)800타카1ST64,ST 64,P0000BHH000H,,6500.0000000000
수용성 실리콘(아크씰),P0000BHG,,0,S,Y,,(1)800실리C백색,수성 실리콘 아크씰 [백색],P0000BHG000A,,1600.0000000000
수용성 실리콘(아크씰),P0000BHG,,0,S,Y,,(1)800실리콘건,실리콘 건 (PVC 컷팅),P0000BHG000B,,5000.0000000000
바이오 실리콘,P0000BHF,,0,S,Y,,(1)800실리B1투명,바이오 실리콘 [투명],P0000BHF000A,,3200.0000000000
바이오 실리콘,P0000BHF,,0,S,Y,,(1)800실리B반투명,바이오 실리콘 [반투명],P0000BHF000B,,3200.0000000000
바이오 실리콘,P0000BHF,,0,S,Y,,(1)800실리B백색,바이오 실리콘 [백색],P0000BHF000C,,3200.0000000000
무초산형 실리콘,P0000BHE,,0,S,Y,,(1)80011실리1투명,무초산형 실리콘 [투명],P0000BHE000A,,2300.0000000000
무초산형 실리콘,P0000BHE,,0,S,Y,,(1)800실리골드,무초산형 실리콘 [골드],P0000BHE000B,,2300.0000000000
무초산형 실리콘,P0000BHE,,0,S,Y,,(1)800실리밤색,무초산형 실리콘 [밤색],P0000BHE000C,,2000.0000000000
무초산형 실리콘,P0000BHE,,0,S,Y,,(1)80013실리백색,무초산형 실리콘 [백색],P0000BHE000D,,2000.0000000000
무초산형 실리콘,P0000BHE,,0,S,Y,,(1)800실리아이보리,무초산형 실리콘 [아이보리],P0000BHE000E,,2000.0000000000
무초산형 실리콘,P0000BHE,,0,S,Y,,(1)800실리회색,무초산형 실리콘 [회색],P0000BHE000F,,2000.0000000000
무초산형 실리콘,P0000BHE,,0,S,Y,,(1)800실리우드,무초산형 실리콘 [우드],P0000BHE000G,,2000.0000000000
무초산형 실리콘,P0000BHE,,0,S,Y,,(1)800실리흑색,무초산형 실리콘 [흑색],P0000BHE000H,,2000.0000000000
무초산형 실리콘,P0000BHE,,0,S,Y,,(1)800실리체리,무초산형 실리콘 [체리],P0000BHE000I,,2000.0000000000
무초산형 실리콘,P0000BHE,,0,S,Y,,(1)80012실리반투명,무초산형 실리콘 [반투명],P0000BHE000J,,2300.0000000000
무초산형 실리콘,P0000BHE,,0,S,Y,,(1)800실리콘건,실리콘 건 (PVC 컷팅),P0000BHE000K,,5000.0000000000
실리콘 건,P0000BHD,,0,S,Y,,(1)800실리콘건,실리콘 건,P0000BHD000A,,5000.0000000000
단열재이보드(도배용 & 페인트용),P0000BHC,,0,S,Y,,(1)60011이보드13도배,13T x 900 x 2400 (도배용),P0000BHC000A,,11000.0000000000
단열재이보드(도배용 & 페인트용),P0000BHC,,0,S,Y,,(1)60012이보드23도배,23T x 900 x 2400 (도배용),P0000BHC000B,,17300.0000000000
단열재이보드(도배용 & 페인트용),P0000BHC,,0,S,Y,,(1)60013이보드33도배,33T x 900 x 2400 (도배용),P0000BHC000C,,21200.0000000000
단열재이보드(도배용 & 페인트용),P0000BHC,,0,S,Y,,,------ 구 분 ------,P0000BHC000D,,
단열재이보드(도배용 & 페인트용),P0000BHC,,0,S,Y,,(1)600이보드13페,13T x 900 x 2400 (페인트용),P0000BHC000E,,12500.0000000000
단열재이보드(도배용 & 페인트용),P0000BHC,,0,S,Y,,(1)600이보드23페,23T x 900 x 2400 (페인트용),P0000BHC000F,,18600.0000000000
단열재이보드(도배용 & 페인트용),P0000BHC,,0,S,Y,,(1)600이보드33페,33T x 900 x 2400 (페인트용),P0000BHC000G,,22400.0000000000
낙엽송 합판 (엠보)1220 x 2440mm,P0000BGU,,0,S,Y,,(1)300C1낙엽48,낙엽송 4.8T 1220x2440mm,P0000BGU000A,,13600.0000000000
낙엽송 합판 (엠보)1220 x 2440mm,P0000BGU,,0,S,Y,,(1)300C2낙엽75,낙엽송 7.5T 1220x2440mm,P0000BGU000B,,25400.0000000000
낙엽송 합판 (엠보)1220 x 2440mm,P0000BGU,,0,S,Y,,(1)300C3낙엽115,낙엽송 11.5T 1220x2440mm,P0000BGU000C,,34000.0000000000
낙엽송 합판 (엠보)1220 x 2440mm,P0000BGU,,0,S,Y,,(2)300D낙엽15,낙엽송 15T 1220x2440mm,P0000BGU000D,,
낙엽송 합판 (엠보)1220 x 2440mm,P0000BGU,,0,S,Y,,(1)300E낙엽18,낙엽송 18T 1220x2440mm,P0000BGU000E,,51400.0000000000
석재용 접착제 (에폭시),P0000BGS,,0,S,Y,,(1)800접착에폭4,석재용 에폭시 (8kg),P0000BGS000A,,28200.0000000000
석재용 접착제 (에폭시),P0000BGS,,0,S,Y,,(1)800접착에폭A10,석재용 에폭시 (20kg),P0000BGS000B,,53200.0000000000
다용도 스프레이 접착제 707,P0000BGR,,0,S,Y,,(1)800접착777,다용도 강력스프레이 접착제,P0000BGR000A,,6000.0000000000
아이소핑크(단열재 접착제) 850g,P0000BGQ,,0,S,Y,,(1)800접착아이소,아이소핑크 (850g),P0000BGQ000A,,3600.0000000000
스틱형 다용도 접착제(핫멜트+글루건),P0000BGN,,0,S,Y,,(1)800핫멜트1심,글루심(핫멜트) 1봉지(25ea),P0000BGN000A,,4900.0000000000
스틱형 다용도 접착제(핫멜트+글루건),P0000BGN,,0,S,Y,,(1)800핫멜트건,글루건,P0000BGN000B,,17000.0000000000
인테리어 필름 접착제(수용성 프라이머),P0000BGM,,0,S,Y,,(1)800접착프라1,수용성 프라이머 1kg,P0000BGM000A,,9100.0000000000
인테리어 필름 접착제(수용성 프라이머),P0000BGM,,0,S,Y,,(1)800접착프라3,수용성 프라이머 3kg,P0000BGM000B,,21800.0000000000
목공용 본드 205,P0000BGK,,0,S,Y,,(1)800접착205,205 오공본드 (낱개),P0000BGK000A,,2000.0000000000
"라왕각재라왕다루끼,한치각,심재,후지",P0000BGF,,0,S,Y,,(1)100라왕한치각,라왕 30 x 30 x 3600 다루끼(한치각),P0000BGF000A,,3300.0000000000
"라왕각재라왕다루끼,한치각,심재,후지",P0000BGF,,0,S,Y,,(1)100라왕심재,라왕 30 x 40 x 2100 심재,P0000BGF000B,,3000.0000000000
"라왕각재라왕다루끼,한치각,심재,후지",P0000BGF,,0,S,Y,,(1)100라왕후지,라왕 10 x 40 x 2100 후지,P0000BGF000C,,1900.0000000000
뉴송 각재,P0000BGE,,0,S,Y,,(1)A100뉴송11317,39x51x3600 1단(6개),P0000BGE000A,,18500.0000000000
뉴송 각재,P0000BGE,,0,S,Y,,(1)A100뉴송21727,51x81x3600 1개(낱개),P0000BGE000C,,6500.0000000000
뉴송 각재,P0000BGE,,0,S,Y,,(1)A100뉴송32727,81x81x3600 1개(낱개),P0000BGE000D,,10200.0000000000
"소송 각재(KD)다루끼,투바이,나나부",P0000BGC,,0,S,Y,,(1)100소송1303012,(KD) 소송 다루끼 30x30x3600 1단,P0000BGC000A,,32000.0000000000
"소송 각재(KD)다루끼,투바이,나나부",P0000BGC,,0,S,Y,,(1)100소송2306912,(KD) 소송 투바이 30x69x3600 1단,P0000BGC000C,,37300.0000000000
"소송 각재(KD)다루끼,투바이,나나부",P0000BGC,,0,S,Y,,(1)100소송330308,(KD) 소송 다루끼 30x30x2400 1단 (8자),P0000BGC000D,,25900.0000000000
"소송 각재(KD)다루끼,투바이,나나부",P0000BGC,,0,S,Y,,(1)100소송4203012,(KD) 소송 나나부 20x30x3600 1단,P0000BGC000E,,25000.0000000000
"소송 각재(KD)다루끼,투바이,나나부",P0000BGC,,0,S,Y,,(1)100소송53030121,(KD) 소송 다루끼 30x30x3600 1개 (※낱개),P0000BGC000F,,3500.0000000000
"소송 각재(KD)다루끼,투바이,나나부",P0000BGC,,0,S,Y,,(1)100소송63069121,(KD) 소송 투바이 30x69x3600 1개 (※낱개),P0000BGC000G,,7600.0000000000
"내수합판 (수입 KS)910x1820mm, 1220x2440mm",P0000BGB,,0,S,Y,,(1)300내수21236수,12T x 910 x 1820,P0000BGB000A,,15500.0000000000
"내수합판 (수입 KS)910x1820mm, 1220x2440mm",P0000BGB,,0,S,Y,,(1)300내수1248수,12T x 1220 x 2440,P0000BGB000B,,24800.0000000000
레드파인 집성각재솔리드,P0000BFX,,0,S,Y,,(2)302제일레드45각재,45 x 45 x 2440,P0000BFX000A,,
레드파인 집성각재솔리드,P0000BFX,,0,S,Y,,(1)302레드60각,60 x 60 x 2440,P0000BFX000B,,18600.0000000000
레드파인 집성각재솔리드,P0000BFX,,0,S,Y,,(2)302제일레드75각재,75 x 75 x 2440,P0000BFX000C,,
멀바우계단재,P0000BFR,,0,S,Y,,(1)302멀바계단30300,계단판 30 x 300 x 3600,P0000BFR000A,,59100.0000000000
멀바우계단재,P0000BFR,,0,S,Y,,(1)302멀바계단38300,계단판 38 x 300 x 3600,P0000BFR000B,,75900.0000000000
멀바우계단재,P0000BFR,,0,S,Y,,,소봉 40 x 40 x 900,P0000BFR000C,,
멀바우계단재,P0000BFR,,0,S,Y,,,대봉 90 x 90 x 1200,P0000BFR000D,,
멀바우계단재,P0000BFR,,0,S,Y,,,반달손스침 40 x 70 x 3600,P0000BFR000E,,
멀바우계단재,P0000BFR,,0,S,Y,,,손스침 60 x 70 x 3600,P0000BFR000F,,
라디에타파인계단재,P0000BFP,,0,S,Y,,,계단판 30 x 300 x 3600,P0000BFP000A,,
라디에타파인계단재,P0000BFP,,0,S,Y,,,계단판 33 x 300 x 3600,P0000BFP000B,,
라디에타파인계단재,P0000BFP,,0,S,Y,,,계단판 33 x 610 x 3600,P0000BFP000C,,
라디에타파인계단재,P0000BFP,,0,S,Y,,,계단판 38 x 300 x 3600,P0000BFP000D,,
라디에타파인계단재,P0000BFP,,0,S,Y,,,계단판 38 x 300 x 4200,P0000BFP000E,,
라디에타파인계단재,P0000BFP,,0,S,Y,,,계단판 38 x 610 x 3600,P0000BFP000F,,
라디에타파인계단재,P0000BFP,,0,S,Y,,(1)302미송소봉4040,소봉 40 x 40 x 900,P0000BFP000G,,2900.0000000000
라디에타파인계단재,P0000BFP,,0,S,Y,,(1)302미송대봉9090,대봉 90 x 90 x 1200,P0000BFP000H,,19500.0000000000
라디에타파인계단재,P0000BFP,,0,S,Y,,,반봉(반쪽대봉) 45 x 90 x 1200,P0000BFP000I,,
라디에타파인계단재,P0000BFP,,0,S,Y,,(1)302미송반달4070,반달손스침 40 x 70 x 3600,P0000BFP000J,,20000.0000000000
라디에타파인계단재,P0000BFP,,0,S,Y,,(1)302미송식빵6070,식빵손스침 60 x 70 x 3600,P0000BFP000K,,29700.0000000000
석고본드석고보드용 접착재 25Kg 1포,P0000BFN,,0,S,Y,,(1)800석고본드,집본드 25Kg 1포,P0000BFN000A,,12100.0000000000
KCC차음 석고보드,P0000BFG,,0,S,Y,,(1)200국산2차음1236,12.5 x 900 x 1800mm,P0000BFG000A,,6100.0000000000
GS건설자이 천연 방화석고보드,P0000BFF,,0,S,Y,,(1)200자이03방화1236,12.5T x 900 x 1800 (1236),P0000BFF000A,,6500.0000000000
KCC방화 석고보드,P0000BFE,,0,S,Y,,(1)200하국산방화1236,12.5T x 900 x 1800,P0000BFE000A,,6600.0000000000
라디에타파인솔리드,P0000BFA,,0,S,Y,,,12T x 1220 x 2440 (양면유절),P0000BFA000A,,
라디에타파인솔리드,P0000BFA,,0,S,Y,,,15T x 1220 x 2440 (양면유절),P0000BFA000B,,
라디에타파인솔리드,P0000BFA,,0,S,Y,,,18T x 1220 x 2440 (양면유절),P0000BFA000C,,
라디에타파인솔리드,P0000BFA,,0,S,Y,,,24T x 1220 x 2440 (양면유절),P0000BFA000D,,
라디에타파인솔리드,P0000BFA,,0,S,Y,,,30T x 1220 x 2440 (양면유절),P0000BFA000E,,
라디에타파인솔리드,P0000BFA,,0,S,Y,,,12T x 1220 x 2440 (양면무절),P0000BFA000F,,
라디에타파인솔리드,P0000BFA,,0,S,Y,,,15T x 1220 x 2440 (양면무절),P0000BFA000G,,
라디에타파인솔리드,P0000BFA,,0,S,Y,,,18T x 1220 x 2440 (양면무절),P0000BFA000H,,
라디에타파인솔리드,P0000BFA,,0,S,Y,,,24T x 1220 x 2440 (양면무절),P0000BFA000I,,
라디에타파인솔리드,P0000BFA,,0,S,Y,,,30T x 1220 x 2440 (양면무절),P0000BFA000J,,
라디에타파인솔리드,P0000BFA,,0,S,Y,,,12T x 1220 x 2440 (일면무절),P0000BFA000K,,
라디에타파인솔리드,P0000BFA,,0,S,Y,,,15T x 1220 x 2440 (일면무절),P0000BFA000L,,
라디에타파인솔리드,P0000BFA,,0,S,Y,,,18T x 1220 x2440 (일면무절),P0000BFA000M,,
라디에타파인솔리드,P0000BFA,,0,S,Y,,,24T x 1220 x 2440 (일면무절),P0000BFA000N,,
라디에타파인솔리드,P0000BFA,,0,S,Y,,,30T x 1220 x 2440 (일면무절),P0000BFA000O,,
삼나무 집성판솔리드,P0000BEZ,,0,S,Y,,(1)302삼목12솔,12T x 1220 x 2440,P0000BEZ000A,,35500.0000000000
삼나무 집성판솔리드,P0000BEZ,,0,S,Y,,(1)302삼목15솔,15T x 1220 x 2440,P0000BEZ000B,,44000.0000000000
삼나무 집성판솔리드,P0000BEZ,,0,S,Y,,(1)302삼목18솔,18T x 1220 x 2440,P0000BEZ000C,,50000.0000000000
삼나무 집성판솔리드,P0000BEZ,,0,S,Y,,,24T x 1220 x 2440,P0000BEZ000D,,
삼나무 집성판솔리드,P0000BEZ,,0,S,Y,,,30T x 1220 x 2440,P0000BEZ000E,,
삼나무 집성판솔리드,P0000BEZ,,0,S,Y,,,18T x 300 x 2440,P0000BEZ000F,,
레드파인 집성판솔리드,P0000BEY,,0,S,Y,,(1)302레드12솔,12T x 1220 x 2440 (솔),P0000BEY000A,,57000.0000000000
레드파인 집성판솔리드,P0000BEY,,0,S,Y,,(1)302레드15솔,15T x 1220 x 2440 (솔),P0000BEY000B,,67500.0000000000
레드파인 집성판솔리드,P0000BEY,,0,S,Y,,(1)302레드18솔,18T x 1220 x 2440 (솔),P0000BEY000C,,75500.0000000000
레드파인 집성판솔리드,P0000BEY,,0,S,Y,,,24T x 1220 x 2440 (솔),P0000BEY000D,,
레드파인 집성판솔리드,P0000BEY,,0,S,Y,,,30T x 1220 x 2440 (솔),P0000BEY000E,,
히노끼(편백) 집성판솔리드(유절/무절),P0000BEX,,0,S,Y,,,12T x 1220 x 2440 (유절),P0000BEX000A,,
히노끼(편백) 집성판솔리드(유절/무절),P0000BEX,,0,S,Y,,,15T x 1220 x 2440 (유절),P0000BEX000B,,
히노끼(편백) 집성판솔리드(유절/무절),P0000BEX,,0,S,Y,,,18T x 1220 x 2440 (유절),P0000BEX000C,,
히노끼(편백) 집성판솔리드(유절/무절),P0000BEX,,0,S,Y,,,24T x 1220 x 2440 (유절),P0000BEX000D,,
히노끼(편백) 집성판솔리드(유절/무절),P0000BEX,,0,S,Y,,,30T x 1220 x 2440 (유절),P0000BEX000E,,
히노끼(편백) 집성판솔리드(유절/무절),P0000BEX,,0,S,Y,,,--------,P0000BEX000F,,
히노끼(편백) 집성판솔리드(유절/무절),P0000BEX,,0,S,Y,,,15T x 1220 x 2440 (무절),P0000BEX000G,,
히노끼(편백) 집성판솔리드(유절/무절),P0000BEX,,0,S,Y,,,18T x 1220 x 2440 (무절),P0000BEX000H,,
히노끼(편백) 집성판솔리드(유절/무절),P0000BEX,,0,S,Y,,,24T x 1220 x 2440 (무절),P0000BEX000I,,
히노끼(편백) 집성판솔리드(유절/무절),P0000BEX,,0,S,Y,,,주문재상품,P0000BEX000J,,
라왕 집성판사이드핑거,P0000BEW,,0,S,Y,,,18T x 1220 x 2440,P0000BEW000A,,
라왕 집성판사이드핑거,P0000BEW,,0,S,Y,,,-------------------,P0000BEW000B,,
라왕 집성판사이드핑거,P0000BEW,,0,S,Y,,,12T x 910 x 2400,P0000BEW000C,,
라왕 집성판사이드핑거,P0000BEW,,0,S,Y,,,15T x 910 x 2400,P0000BEW000D,,
라왕 집성판사이드핑거,P0000BEW,,0,S,Y,,,18T x 910 x 2400,P0000BEW000E,,
라왕 집성판사이드핑거,P0000BEW,,0,S,Y,,,24T x 910 x 2400,P0000BEW000F,,
라왕 집성판사이드핑거,P0000BEW,,0,S,Y,,,30T x 910 x 2400,P0000BEW000G,,
오크 집성판사이드핑거,P0000BEV,,0,S,Y,,,12T x 915 x 2300,P0000BEV000A,,
오크 집성판사이드핑거,P0000BEV,,0,S,Y,,,15T x 915 x 2300,P0000BEV000B,,
오크 집성판사이드핑거,P0000BEV,,0,S,Y,,,18T x 915 x 2300,P0000BEV000C,,
오크 집성판사이드핑거,P0000BEV,,0,S,Y,,,24T x 915 x 2300,P0000BEV000D,,
오크 집성판사이드핑거,P0000BEV,,0,S,Y,,,30T x 915 x 2300,P0000BEV000E,,
오크 집성판사이드핑거,P0000BEV,,0,S,Y,,,-------------------,P0000BEV000F,,
오크 집성판사이드핑거,P0000BEV,,0,S,Y,,,15T x 1220 x 2440,P0000BEV000G,,
오크 집성판사이드핑거,P0000BEV,,0,S,Y,,,18T x 1220 x 2440,P0000BEV000H,,
오크 집성판사이드핑거,P0000BEV,,0,S,Y,,,24T x 1220 x 2440,P0000BEV000I,,
오크 집성판사이드핑거,P0000BEV,,0,S,Y,,,30T x 1220 x 2440,P0000BEV000J,,
오크 집성판사이드핑거,P0000BEV,,0,S,Y,,,10장 이상 구매시 추가할인,P0000BEV000K,,
아카시아 집성판사이드핑거(유절&무절),P0000BEU,,0,S,Y,,(1)302아카15유,15T x 1220 x 2440 (유절),P0000BEU000A,,43000.0000000000
아카시아 집성판사이드핑거(유절&무절),P0000BEU,,0,S,Y,,(1)302아카18유,18T x 1220 x 2440 (유절),P0000BEU000B,,50500.0000000000
아카시아 집성판사이드핑거(유절&무절),P0000BEU,,0,S,Y,,,24T x 1220 x 2440 (유절),P0000BEU000C,,
아카시아 집성판사이드핑거(유절&무절),P0000BEU,,0,S,Y,,,30T x 1220 x 2440 (유절),P0000BEU000D,,
아카시아 집성판사이드핑거(유절&무절),P0000BEU,,0,S,Y,,,------------------,P0000BEU000E,,
아카시아 집성판사이드핑거(유절&무절),P0000BEU,,0,S,Y,,,15T x 1220 x 2440 (무절),P0000BEU000F,,
아카시아 집성판사이드핑거(유절&무절),P0000BEU,,0,S,Y,,(1)302아카18N무,18T x 1220 x 2440 (무절),P0000BEU000G,,68000.0000000000
아카시아 집성판사이드핑거(유절&무절),P0000BEU,,0,S,Y,,,24T x 1220 x 2440 (무절),P0000BEU000H,,
아카시아 집성판사이드핑거(유절&무절),P0000BEU,,0,S,Y,,,30T x 1220 x 2440 (무절),P0000BEU000I,,
히노끼(편백) 집성판사이드핑거(유절/무절),P0000BET,,0,S,Y,,,12T x 1220 x 2440 (유절),P0000BET000A,,
히노끼(편백) 집성판사이드핑거(유절/무절),P0000BET,,0,S,Y,,,15T x 1220 x 2440 (유절),P0000BET000B,,
히노끼(편백) 집성판사이드핑거(유절/무절),P0000BET,,0,S,Y,,,18T x 1220 x 2440 (유절),P0000BET000C,,
히노끼(편백) 집성판사이드핑거(유절/무절),P0000BET,,0,S,Y,,,24T x 1220 x 2440 (유절),P0000BET000D,,
히노끼(편백) 집성판사이드핑거(유절/무절),P0000BET,,0,S,Y,,,30T x 1220 x 2300 (유절),P0000BET000E,,
히노끼(편백) 집성판사이드핑거(유절/무절),P0000BET,,0,S,Y,,,12T x 1220 x 2440 (무절),P0000BET000F,,
히노끼(편백) 집성판사이드핑거(유절/무절),P0000BET,,0,S,Y,,,15T x 1220 x 2440 (무절),P0000BET000G,,
히노끼(편백) 집성판사이드핑거(유절/무절),P0000BET,,0,S,Y,,,18T x 1220 x 2440 (무절),P0000BET000H,,
히노끼(편백) 집성판사이드핑거(유절/무절),P0000BET,,0,S,Y,,,24T x 1220 x 2440 (무절),P0000BET000I,,
히노끼(편백) 집성판사이드핑거(유절/무절),P0000BET,,0,S,Y,,,30T x 1220 x 2440 (무절),P0000BET000J,,
고무나무 집성판탑핑거,P0000BES,,0,S,Y,,,(싸이드핑거) 12T x 1220 x 2440,P0000BES000A,,
고무나무 집성판탑핑거,P0000BES,,0,S,Y,,,(싸이드핑거) 15T x 1220 x 2440,P0000BES000B,,
고무나무 집성판탑핑거,P0000BES,,0,S,Y,,,(싸이드핑거) 18T x 1220 x 2440,P0000BES000C,,
고무나무 집성판탑핑거,P0000BES,,0,S,Y,,,(싸이드핑거) 24T x 1220 x 2440,P0000BES000D,,
고무나무 집성판탑핑거,P0000BES,,0,S,Y,,,(싸이드핑거) 30T x 1220 x 2440,P0000BES000E,,
고무나무 집성판탑핑거,P0000BES,,0,S,Y,,(1)302고무12탑,(탑핑거) 12T x 1220 x 2440,P0000BES000F,,49200.0000000000
고무나무 집성판탑핑거,P0000BES,,0,S,Y,,(1)302고무15탑,(탑핑거) 15T x 1220 x 2440,P0000BES000G,,56500.0000000000
고무나무 집성판탑핑거,P0000BES,,0,S,Y,,(1)302고무18탑,(탑핑거) 18T x 1220 x 2440,P0000BES000H,,65000.0000000000
고무나무 집성판탑핑거,P0000BES,,0,S,Y,,,(탑핑거) 24T x 1220 x 2440,P0000BES000I,,
고무나무 집성판탑핑거,P0000BES,,0,S,Y,,,(탑핑거) 30T x 1220 x 2440,P0000BES000J,,
버치(자작나무) 집성판사이드핑거,P0000BER,,0,S,Y,,,18T x 1220 x 2440,P0000BER000A,,
버치(자작나무) 집성판사이드핑거,P0000BER,,0,S,Y,,,24T x 1220 x 2440,P0000BER000B,,
버치(자작나무) 집성판사이드핑거,P0000BER,,0,S,Y,,,30T x 1220 x 2440,P0000BER000C,,
브라운 애쉬 집성판사이드핑거,P0000BEQ,,0,S,Y,,,12T x 915 x 2300,P0000BEQ000A,,
브라운 애쉬 집성판사이드핑거,P0000BEQ,,0,S,Y,,,15T x 915 x 2300,P0000BEQ000B,,
브라운 애쉬 집성판사이드핑거,P0000BEQ,,0,S,Y,,,18T x 915 x 2300,P0000BEQ000C,,
브라운 애쉬 집성판사이드핑거,P0000BEQ,,0,S,Y,,,24T x 915 x 2300,P0000BEQ000D,,
브라운 애쉬 집성판사이드핑거,P0000BEQ,,0,S,Y,,,30T x 915 x 2300,P0000BEQ000E,,
브라운 애쉬 집성판사이드핑거,P0000BEQ,,0,S,Y,,,-------------------,P0000BEQ000F,,
브라운 애쉬 집성판사이드핑거,P0000BEQ,,0,S,Y,,,15T x 1220 x 2440,P0000BEQ000G,,
브라운 애쉬 집성판사이드핑거,P0000BEQ,,0,S,Y,,,18T x 1220 x 2440,P0000BEQ000H,,
브라운 애쉬 집성판사이드핑거,P0000BEQ,,0,S,Y,,,24T x 1220 x 2440,P0000BEQ000I,,
브라운 애쉬 집성판사이드핑거,P0000BEQ,,0,S,Y,,,30T x 1220 x 2440,P0000BEQ000J,,
라디에타파인 집성판탑핑거,P0000BEO,,0,S,Y,,,12T x 915 x 2300,P0000BEO000A,,
라디에타파인 집성판탑핑거,P0000BEO,,0,S,Y,,,15T x 915 x 2300,P0000BEO000B,,
라디에타파인 집성판탑핑거,P0000BEO,,0,S,Y,,,18T x 915 x 2300,P0000BEO000C,,
라디에타파인 집성판탑핑거,P0000BEO,,0,S,Y,,,24T x 915 x 2300,P0000BEO000D,,
라디에타파인 집성판탑핑거,P0000BEO,,0,S,Y,,,30T x 915 x 2300,P0000BEO000E,,
라디에타파인 집성판탑핑거,P0000BEO,,0,S,Y,,(1)302라디12탑,12T x 1220 x 2440,P0000BEO000F,,36500.0000000000
라디에타파인 집성판탑핑거,P0000BEO,,0,S,Y,,(1)302라디15탑,15T x 1220 x 2440,P0000BEO000G,,43400.0000000000
라디에타파인 집성판탑핑거,P0000BEO,,0,S,Y,,(1)302라디18탑,18T x 1220 x 2440,P0000BEO000H,,50900.0000000000
라디에타파인 집성판탑핑거,P0000BEO,,0,S,Y,,(1)302라디24탑,24T x 1220 x 2440,P0000BEO000I,,68400.0000000000
라디에타파인 집성판탑핑거,P0000BEO,,0,S,Y,,(1)302라디30탑,30T x 1220 x 2440,P0000BEO000J,,90000.0000000000
마감용 구조재인테리어등급,P0000BEL,,0,S,Y,,(1)100구조재A14,1” X 4” (19mm X 89mm),P0000BEL000A,,7100.0000000000
마감용 구조재인테리어등급,P0000BEL,,0,S,Y,,(1)100구조재A16,1” X 6” (19mm X 140mm),P0000BEL000B,,13500.0000000000
마감용 구조재인테리어등급,P0000BEL,,0,S,Y,,(1)100구조재A18,1” X 8” (19mm X 184mm),P0000BEL000C,,17400.0000000000
마감용 구조재인테리어등급,P0000BEL,,0,S,Y,,(1)100구조재B110,1” X 10” (19mm X 235mm),P0000BEL000D,,21500.0000000000
마감용 구조재인테리어등급,P0000BEL,,0,S,Y,,(1)100구조재B112,1” X 12” (19mm X 286mm),P0000BEL000E,,27700.0000000000
마감용 구조재인테리어등급,P0000BEL,,0,S,Y,,,----------,P0000BEL000F,,
마감용 구조재인테리어등급,P0000BEL,,0,S,Y,,(1)100구조재C22,2” X 2” (38mm X 38mm),P0000BEL000G,,5200.0000000000
마감용 구조재인테리어등급,P0000BEL,,0,S,Y,,(1)100구조재C24,2” X 4” (38mm X 89mm),P0000BEL000H,,10000.0000000000
마감용 구조재인테리어등급,P0000BEL,,0,S,Y,,(1)100구조재C26,2” X 6” (38mm X 140mm),P0000BEL000I,,16200.0000000000
마감용 구조재인테리어등급,P0000BEL,,0,S,Y,,(1)100구조재C28,2” X 8” (38mm X 184mm),P0000BEL000J,,25900.0000000000
마감용 구조재인테리어등급,P0000BEL,,0,S,Y,,(2)100제일구조210,2” X 10” (38mm X 235mm),P0000BEL000K,,
마감용 구조재인테리어등급,P0000BEL,,0,S,Y,,(1)100구조재D212,2” X 12” (38mm X 286mm),P0000BEL000L,,47500.0000000000
마감용 구조재인테리어등급,P0000BEL,,0,S,Y,,,-----------,P0000BEL000M,,
마감용 구조재인테리어등급,P0000BEL,,0,S,Y,,(2)100제일구조재E60,60mm X 60mm,P0000BEL000N,,
마감용 구조재인테리어등급,P0000BEL,,0,S,Y,,(1)100구조재E70각,70mm X 70mm,P0000BEL000O,,23300.0000000000
마감용 구조재인테리어등급,P0000BEL,,0,S,Y,,(1)100구조재E90각,90mm X 90mm,P0000BEL000P,,31400.0000000000
OSB (내장용)1220 x 2440mm,P0000BEK,,0,S,Y,,(1)300OSB8내,8T X 1220 X 2440 (내장용),P0000BEK000A,,10800.0000000000
OSB (내장용)1220 x 2440mm,P0000BEK,,0,S,Y,,(1)300OSB11내,11.1T X 1220 X 2440 (내장용),P0000BEK000B,,13000.0000000000
OSB (내장용)1220 x 2440mm,P0000BEK,,0,S,Y,,(2)300씨맥OSB18,18.3T X 1220 X 2440 (바닥용),P0000BEK000C,,
방부목각재/데크재,P0000BEI,,0,S,Y,,(1)100방부목3140,방부목 데크 25mm X 140mm,P0000BEI000A,,9700.0000000000
방부목각재/데크재,P0000BEI,,0,S,Y,,(1)100방부목1120,방부목 데크 21mm X 120mm,P0000BEI000B,,6500.0000000000
방부목각재/데크재,P0000BEI,,0,S,Y,,(1)100방부목295,방부목 데크 15mm X 95mm,P0000BEI000C,,4900.0000000000
방부목각재/데크재,P0000BEI,,0,S,Y,,(1)100방부목4A22,2” X 2” (38mm X 38mm),P0000BEI000D,,4600.0000000000
방부목각재/데크재,P0000BEI,,0,S,Y,,(1)100방부목524,2” X 4” (38mm X 89mm),P0000BEI000E,,8800.0000000000
방부목각재/데크재,P0000BEI,,0,S,Y,,(1)100방부목626,2” X 6” (38mm X 140mm),P0000BEI000F,,15000.0000000000
방부목각재/데크재,P0000BEI,,0,S,Y,,(2)100방부목728,2” X 8” (38mm X 184mm),P0000BEI000G,,
방부목각재/데크재,P0000BEI,,0,S,Y,,(2)100방부목8210,2” X 10” (38mm X 235mm),P0000BEI000H,,
방부목각재/데크재,P0000BEI,,0,S,Y,,(1)100방부목8212,2” X 12” (38mm X 285mm),P0000BEI000I,,48300.0000000000
방부목각재/데크재,P0000BEI,,0,S,Y,,(1)100방부목944,4” X 4” (90mm X 90mm),P0000BEI000J,,27800.0000000000
방부목각재/데크재,P0000BEI,,0,S,Y,,(2)100방부목제일55,5” X 5” 크로바(120mm X 120mm),P0000BEI000K,,
방부목각재/데크재,P0000BEI,,0,S,Y,,(2)100방부목제일66,6” X 6” 크로바(140mm X 140mm),P0000BEI000L,,
코아합판1220 x 2440mm,P0000BEH,,0,S,Y,,(1)3001Y코아18알,(연질)알비자 18Tx1220x2440mm,P0000BEH000A,,27000.0000000000
코아합판1220 x 2440mm,P0000BEH,,0,S,Y,,(1)3001Z코아18라,(강질) 라왕 18Tx1220x2440mm,P0000BEH000B,,34000.0000000000
태고합판1220 x 2440mm,P0000BEG,,0,S,Y,,(1)300태고21236,태고 12T x 910 x 1820mm,P0000BEG000A,,14600.0000000000
태고합판1220 x 2440mm,P0000BEG,,0,S,Y,,(1)300태고1248N,태고 12T x 1220 x 2440mm,P0000BEG000B,,33500.0000000000
자작합판1220 x 2440mm,P0000BEF,,0,S,Y,,(1)300A1자작SBB4,자작 합판 4T (S/BB) 러시아,P0000BEF000A,,33000.0000000000
자작합판1220 x 2440mm,P0000BEF,,0,S,Y,,(1)300A2자작SBB6,자작 합판 6T (S/BB) 러시아,P0000BEF000B,,41500.0000000000
자작합판1220 x 2440mm,P0000BEF,,0,S,Y,,(1)300A3자작SBB9,자작 합판 9T (S/BB) 러시아,P0000BEF000C,,50800.0000000000
자작합판1220 x 2440mm,P0000BEF,,0,S,Y,,(1)300A4자작SBB12,자작 합판 12T (S/BB) 러시아,P0000BEF000D,,59800.0000000000
자작합판1220 x 2440mm,P0000BEF,,0,S,Y,,(1)300A5자작SBB15,자작 합판 15T (S/BB) 러시아,P0000BEF000E,,69000.0000000000
자작합판1220 x 2440mm,P0000BEF,,0,S,Y,,(1)300A6자작SBB18,자작 합판 18T (S/BB) 러시아,P0000BEF000F,,76000.0000000000
자작합판1220 x 2440mm,P0000BEF,,0,S,Y,,(2)300제일자작2148,자작 합판 21T (S/BB) 러시아,P0000BEF000G,,
자작합판1220 x 2440mm,P0000BEF,,0,S,Y,,(2)300제일자작2448,자작 합판 24T (S/BB) 러시아,P0000BEF000H,,
자작합판1220 x 2440mm,P0000BEF,,0,S,Y,,(2)300제일자작3048,자작 합판 30T (S/BB) 러시아,P0000BEF000I,,
일반합판(수입산) 4*81220x2440mm,P0000BEE,,0,S,Y,,(1)3001A2748BB,2.7T x 1220 x 2440 동남아산 (일반),P0000BEE000A,,8700.0000000000
일반합판(수입산) 4*81220x2440mm,P0000BEE,,0,S,Y,,(1)3001D4648알,4.6T x 1220 x 2440 동남아산 (알비자),P0000BEE000B,,7900.0000000000
일반합판(수입산) 4*81220x2440mm,P0000BEE,,0,S,Y,,(1)3001E8548BB,8.5T x 1220 x 2440 동남아산 (고급),P0000BEE000C,,21800.0000000000
일반합판(수입산) 4*81220x2440mm,P0000BEE,,0,S,Y,,(1)3001C4648BB,4.6T x 1220 x 2440 동남아산 (고급),P0000BEE000D,,12000.0000000000
일반합판(수입산) 4*81220x2440mm,P0000BEE,,0,S,Y,,(1)3001G38548콤,8.5T x 1220 x 2440 콤비,P0000BEE000E,,15200.0000000000
일반합판(수입산) 4*81220x2440mm,P0000BEE,,0,S,Y,,(1)3001J11548콤,11.5T x 1220 x 2440 콤비,P0000BEE000G,,20200.0000000000
일반합판(수입산) 4*81220x2440mm,P0000BEE,,0,S,Y,,(1)3001K11548다,11.5T x 1220 x 2440 동남아산 (일반),P0000BEE000H,,26200.0000000000
일반합판(수입산) 4*81220x2440mm,P0000BEE,,0,S,Y,,(1)3001H11548BB,11.5T x 1220 x 2440 동남아산 (고급),P0000BEE000I,,28000.0000000000
일반합판(수입산) 4*81220x2440mm,P0000BEE,,0,S,Y,,(1)3001L14548BB,14.5T x 1220 x 2440 동남아산 (고급),P0000BEE000J,,37500.0000000000
일반합판(수입산) 4*81220x2440mm,P0000BEE,,0,S,Y,,(1)3001M17548BB,17.5T x 1220 x 2440 동남아산 (고급),P0000BEE000K,,45500.0000000000
일반합판(수입산) 4*81220x2440mm,P0000BEE,,0,S,Y,,(1)3001F8548MLH,8.5T x 1220 x 2440 베트남산 (MLH),P0000BEE000L,,13500.0000000000
일반합판(수입산) 4*81220x2440mm,P0000BEE,,0,S,Y,,(1)3001I11548MLH,11.5T x 1220 x 2440 베트남산 (MLH),P0000BEE000M,,16000.0000000000
미송합판(유절)1220 x 2440mm,P0000BED,,0,S,Y,,(1)300B1미송유48,미송합판 4.8T,P0000BED000A,,15000.0000000000
미송합판(유절)1220 x 2440mm,P0000BED,,0,S,Y,,(1)300B2미송유85,미송합판 8.5T,P0000BED000C,,26500.0000000000
미송합판(유절)1220 x 2440mm,P0000BED,,0,S,Y,,(1)300B3미송유12,미송합판 12T,P0000BED000D,,32500.0000000000
미송합판(유절)1220 x 2440mm,P0000BED,,0,S,Y,,(1)300B4미송유15,미송합판 15T,P0000BED000E,,42500.0000000000
미송합판(유절)1220 x 2440mm,P0000BED,,0,S,Y,,(1)300B5미송유18,미송합판 18T,P0000BED000F,,48800.0000000000
오징어합판 (요꼬합판)1220 x 2440mm,P0000BEC,,0,S,Y,,(1)3001B448오징,4T X 1220mm X 2440mm,P0000BEC000A,,16300.0000000000
MDF1220 x 2440mm,P0000BEB,,0,S,Y,,(1)301MDF113고밀,2.7T 일반 MDF,P0000BEB000A,,4800.0000000000
MDF1220 x 2440mm,P0000BEB,,0,S,Y,,(1)301MDF1245고밀,4.5T 일반 MDF,P0000BEB000B,,7800.0000000000
MDF1220 x 2440mm,P0000BEB,,0,S,Y,,(1)301MDF136USB,6T 일반 MDF,P0000BEB000C,,7700.0000000000
MDF1220 x 2440mm,P0000BEB,,0,S,Y,,(1)301MDF149USB,9T 일반 MDF,P0000BEB000F,,9600.0000000000
MDF1220 x 2440mm,P0000BEB,,0,S,Y,,(1)301MDF1512USB,12T 일반 MDF,P0000BEB000G,,13000.0000000000
MDF1220 x 2440mm,P0000BEB,,0,S,Y,,(1)301MDF1615USB,15T 일반 MDF,P0000BEB000P,,17400.0000000000
MDF1220 x 2440mm,P0000BEB,,0,S,Y,,(1)301MDF1718USB,18T 일반 MDF,P0000BEB000Q,,19700.0000000000
MDF1220 x 2440mm,P0000BEB,,0,S,Y,,(1)301MDF1825UB,25T 일반 MDF,P0000BEB000R,,45500.0000000000
MDF1220 x 2440mm,P0000BEB,,0,S,Y,,(1)301MDF1930UB,30T 일반 MDF,P0000BEB000S,,55000.0000000000
MDF1220 x 2440mm,P0000BEB,,0,S,Y,,(1)301MDF206고밀,6T 고밀도 MDF,P0000BEB000T,,13500.0000000000
MDF1220 x 2440mm,P0000BEB,,0,S,Y,,(1)301MDF209고밀,9T 고밀도 MDF,P0000BEB000U,,13500.0000000000
MDF1220 x 2440mm,P0000BEB,,0,S,Y,,(1)301MDF2112고밀,12T 고밀도 MDF,P0000BEB000V,,18000.0000000000
MDF1220 x 2440mm,P0000BEB,,0,S,Y,,(1)301MDF2215고밀,15T 고밀도 MDF,P0000BEB000W,,23500.0000000000
MDF1220 x 2440mm,P0000BEB,,0,S,Y,,(1)301MDF2318고밀,18T 고밀도 MDF,P0000BEB000X,,26000.0000000000
